teamName,publicScore,publicRank,privateScore,privateRank,rankDiff,attempts
Farukcan Saglam,0.16335,1,0.11682,2,-1,10
Rafał Pawłowski,0.16228,2,0.10284,19,-17,53
NN,0.16212,3,0.10239,21,-18,38
paperxd,0.15852,4,0.09629,33,-29,73
[Deleted] 62527694-e1b4-410c-b7d2-2013eb32e9e4,0.15201,5,0.07588,177,-172,19
[Deleted] 8b9e007c-bf0a-46e4-85f5-2047afe10515,0.15189,6,0.08013,142,-136,69
Clean submission,0.15189,7,0.07024,243,-236,66
ganipesu,0.15165,8,0.02787,809,-801,33
Martin0421,0.15154,9,0.06011,422,-413,39
[Deleted] b56b0d61-2df5-486d-9498-cf588a35faad,0.15066,10,0.06674,298,-288,43
[Deleted] 77823102-44d5-4fb3-bc83-e44f69d000b4,0.15039,11,0.05336,528,-517,9
Peggys11,0.15026,12,0.05964,432,-420,68
Squat,0.14801,13,0.09962,27,-14,2
[Deleted] 9e84c012-596c-41dd-b7b0-83d87a9762b0,0.14758,14,0.07495,189,-175,20
Sephiria,0.14758,15,0.10125,22,-7,17
KIT,0.14592,16,0.10999,6,10,8
[Deleted] 9842d976-b12e-4304-9f4b-167cb8a8bef3,0.14511,17,0.05964,431,-414,73
[Deleted] 842176c8-a0b9-45bc-8536-958c1075909e,0.14504,18,0.06947,253,-235,74
[Deleted] 88fb3dae-4e39-4e56-a966-cb6727139c2d,0.14349,19,0.06860,266,-247,4
[Deleted] 919e4bd6-28ec-458a-a5df-0898ff4d6d3a,0.14343,20,0.06915,257,-237,4
[Deleted] 9d6c0505-0447-40e7-9ea1-94da80bab867,0.14340,21,0.06931,256,-235,67
[Deleted] 7c9985c3-9f02-41c5-9343-bcf717634534,0.14317,22,0.06643,302,-280,62
[Deleted] f178ee42-e0ff-412c-ad38-507c6e95efec,0.14269,23,0.07055,238,-215,9
Monicachen721,0.14187,24,0.08354,121,-97,32
[Deleted] eecdd588-2436-4b40-b1ec-3e1a73ef2334,0.14105,25,0.06863,263,-238,51
[Deleted] 3a795ff4-b8eb-4acf-a45d-3368b8d835bb,0.14083,26,0.07166,224,-198,13
Hebedoglover,0.14075,27,0.06622,307,-280,44
Tifyy,0.14030,28,0.10706,10,18,24
[Deleted] 781a8409-0971-4f38-855c-7ff922fd87b9,0.13986,29,0.05779,462,-433,64
[Deleted] de0ec741-c11f-4dcc-9b2b-e71f4a4bfa50,0.13853,30,0.07484,191,-161,9
abdonson,0.13808,31,0.04186,689,-658,62
[Deleted] 5ceda42d-576c-4f59-a073-1bdb6c3d6294,0.13798,32,0.06592,315,-283,5
my submissions are clean,0.13299,33,0.06601,313,-280,4
Math Island,0.13277,34,0.07325,203,-169,77
randomtile,0.13240,35,0.08971,80,-45,71
DRW GO GO GO!,0.12961,36,0.09580,34,2,38
Tony271YnoT,0.12914,37,0.13959,1,36,31
Loop 4ever,0.12878,38,0.09533,35,3,16
nycquant,0.12819,39,0.09514,36,3,18
MLFINANCE,0.12806,40,0.11116,5,35,30
NB,0.12788,41,0.09484,38,3,35
Tanghulu,0.12788,42,0.09484,39,3,5
ACoder,0.12778,43,0.09982,26,17,122
Zeta1n,0.12676,44,0.09356,46,-2,77
Sedat GOLGİYAZ,0.12665,45,0.08925,84,-39,51
ABCXYZ,0.12652,46,0.09381,44,2,36
ZSTJY,0.12648,47,0.09325,47,0,53
Crypto Machine,0.12632,48,0.09262,51,-3,29
Blend all publics,0.12606,49,0.09281,50,-1,49
GUOHAOYANG,0.12563,50,0.09824,30,20,30
NO HACK NO LEAK,0.12543,51,0.10575,13,38,30
ResCV,0.12536,52,0.09217,55,-3,71
random preds,0.12507,53,0.09179,59,-6,48
MJ Kim,0.12506,54,0.09176,60,-6,59
Mingjun Wu,0.12503,55,0.09195,58,-3,26
smilepto,0.12491,56,0.09170,61,-5,75
Teslearn,0.12488,57,0.09164,62,-5,58
Just overfit it!,0.12468,58,0.09154,64,-6,32
Meme,0.12426,59,0.09118,67,-8,41
cat_robot_22,0.12407,60,0.09122,66,-6,30
Alex Zhongs,0.12402,61,0.09367,45,16,49
Sarah Jeffreson,0.12350,62,0.08359,118,-56,46
Adamsun95,0.12319,63,0.09061,72,-9,56
KHN Long,0.12314,64,0.09021,74,-10,59
Centmils,0.12297,65,0.08997,76,-11,32
Rocks,0.12258,66,0.08967,81,-15,44
Fin_AI,0.12242,67,0.08528,107,-40,55
Ioannis Pantidis,0.12220,68,0.09322,48,20,15
CryptoMiners,0.12210,69,0.08992,77,-8,22
ricecooker,0.12210,70,0.07524,186,-116,31
Mr Unix Server,0.12210,71,0.07562,182,-111,64
xsc1025,0.12168,72,0.04689,627,-555,69
HaoyuSun9983,0.12159,73,0.08873,89,-16,50
Vasu Verma,0.12151,74,0.05698,477,-403,66
Apex,0.12124,75,0.08857,90,-15,12
Team Name,0.12073,76,0.08804,92,-16,65
Xiaojian Gao,0.12062,77,0.07423,195,-118,33
DRW-CRYPTO,0.12026,78,0.08845,91,-13,54
Feature Master,0.12017,79,0.07293,206,-127,48
Two Brothers,0.12001,80,0.05888,445,-365,49
BOOBA,0.11978,81,0.10042,24,57,8
[Deleted] 58ba7789-b89f-473c-9414-77c9ddb15ff8,0.11969,82,0.10269,20,62,11
Rowan,0.11949,83,0.08768,95,-12,9
WangCai,0.11864,84,0.11663,3,81,23
没主人的公狗,0.11744,85,0.09081,70,15,32
Hari Rama karthikeyan,0.11658,86,0.04505,647,-561,1
[Deleted] 5a4459aa-1140-4da9-8c87-ac7c359c4349,0.11584,87,0.08193,133,-46,18
Nguyen,0.11558,88,0.06642,303,-215,5
[Deleted] 391c89ea-a7b0-4d60-a146-6d3f2bbfbf13,0.11556,89,0.07194,219,-130,15
哈基米 and 米基哈,0.11556,90,0.07173,223,-133,4
[Deleted] 73ecdf48-3d03-4637-8ec5-0521f8950399,0.11525,91,0.07194,218,-127,1
jdcl945,0.11518,92,0.06192,371,-279,74
Linstyle,0.11504,93,0.07903,153,-60,42
JWLINi,0.11503,94,0.08007,144,-50,39
G.O.D is REAL,0.11482,95,0.08463,114,-19,38
Mike Dean,0.11467,96,0.06588,316,-220,10
Shaozhe Hao,0.11467,97,0.06588,317,-220,35
Strange Paul,0.11457,98,0.05473,504,-406,22
Guolun Li,0.11444,99,0.05158,560,-461,4
Croasset,0.11408,100,0.05652,483,-383,16
我不是奶龙,0.11373,101,0.05960,433,-332,10
Istri Baik,0.11369,102,0.07084,235,-133,21
SunSky-He,0.11341,103,0.06724,291,-188,15
for ulas!,0.11321,104,0.10439,16,88,101
[Deleted] 3fdddb09-dd10-454d-8e42-8937be34bf93,0.11311,105,0.10402,17,88,77
Bearspaw bros,0.11310,106,0.10914,8,98,17
karam,0.11310,107,0.10474,15,92,5
Data Team,0.11306,108,0.06434,340,-232,28
Jackson Fenner,0.11252,109,0.08483,111,-2,54
Hitha arun,0.11233,110,0.10824,9,101,10
mohsen2050,0.11233,111,0.07366,199,-88,80
isinsu,0.11195,112,0.05478,503,-391,43
judian680,0.11168,113,0.09722,31,82,18
Meet Babariya,0.11128,114,0.06248,358,-244,14
CatCapital,0.11122,115,0.05838,452,-337,27
[Deleted] e45aed0c-ad99-428f-9b46-89ba84409351,0.11118,116,0.06510,330,-214,59
OxZhang,0.11108,117,0.05074,572,-455,14
NicoleLF,0.11101,118,0.06457,336,-218,35
[Deleted] e4009c11-7177-4716-91d4-51251ccfc879,0.11096,119,0.04739,616,-497,2
GraceLfd,0.11084,120,0.05518,494,-374,14
aha_Yann Zhenxuan,0.11063,121,0.05826,454,-333,27
zxcDDD,0.11062,122,0.05349,526,-404,2
Unicorn,0.11056,123,0.06218,364,-241,20
DeusNeo ,0.11044,124,0.08241,128,-4,62
none null none,0.11034,125,0.09836,29,96,22
Yesss!,0.10974,126,0.05718,474,-348,16
QinglongLi,0.10952,127,0.06622,306,-179,3
TwoYOneS,0.10917,128,0.06085,409,-281,11
redpanda0304,0.10878,129,0.05445,508,-379,10
last_la_yaru_winner,0.10866,130,0.06860,264,-134,20
[Deleted] 80e23d45-1cec-42e6-a9c0-45157de56fcc,0.10866,131,0.06860,265,-134,7
TO,0.10835,132,0.06107,404,-272,11
Cathy,0.10811,133,0.05749,468,-335,8
jone jone,0.10786,134,0.05315,533,-399,25
Dr. T,0.10747,135,0.07164,225,-90,8
Ubayd & Marcus,0.10744,136,0.07783,163,-27,34
Ahmed Osman,0.10738,137,0.06400,342,-205,64
Bernat Cots Sesmilo,0.10726,138,0.06963,250,-112,22
灵感古力古力哇擦,0.10711,139,0.06804,277,-138,15
Chirag Mc,0.10703,140,0.11474,4,136,11
Jack,0.10690,141,0.06822,274,-133,29
Li JUN YAN RE,0.10675,142,0.08531,106,36,20
[Deleted] a525f7d5-ec5a-4645-aef6-df491968c3f7,0.10654,143,0.06668,300,-157,7
Thian Liang,0.10653,144,0.10664,11,133,66
Hare & Koala,0.10631,145,0.07498,188,-43,16
Shane Wang,0.10620,146,0.05959,434,-288,1
T Amarel Tech,0.10607,147,0.05929,440,-293,17
kueno,0.10605,148,0.08305,123,25,17
linkedin.com/in/terence-siu,0.10590,149,0.06420,341,-192,43
Larry Wang,0.10578,150,0.06225,361,-211,1
CryptoPlayer,0.10578,151,0.05978,427,-276,2
Mohamed Gamal,0.10566,152,0.06153,393,-241,17
hjhhjjj,0.10563,153,0.06837,270,-117,4
Japmunk,0.10558,154,0.07174,222,-68,19
GAMECHR,0.10555,155,0.06182,373,-218,37
Blue kangaroo,0.10555,156,0.06182,374,-218,4
TS1989,0.10555,157,0.06182,375,-218,2
Taylor S. Amarel,0.10552,158,0.06048,417,-259,34
Harsh Malgatte,0.10552,159,0.06606,310,-151,32
Zhaoli Cao,0.10548,160,0.06548,326,-166,3
xyang1,0.10542,161,0.05119,563,-402,31
Neal112,0.10541,162,0.04844,601,-439,22
yangdon tshering,0.10533,163,0.06286,353,-190,54
jieming kong,0.10526,164,0.07587,179,-15,2
thirdxiaohao！,0.10526,165,0.09195,57,108,30
guo wei,0.10521,166,0.06219,363,-197,5
Crypto Crushers,0.10515,167,0.09093,69,98,39
allforfirefly,0.10513,168,0.10993,7,161,35
theghost,0.10508,169,0.06780,280,-111,22
Tianyun Jiang 0605,0.10507,170,0.09134,65,105,23
kKevink,0.10493,171,0.09404,41,130,16
pumal,0.10481,172,0.05439,510,-338,5
Overvalue Awareness,0.10481,173,0.07951,147,26,36
Old Monks,0.10465,174,0.05750,467,-293,5
MINGXUAN GAO 621,0.10452,175,0.05481,502,-327,7
wanghuijuan6428,0.10447,176,0.04269,676,-500,1
shih_3333,0.10436,177,0.07438,194,-17,6
Daaaaaan,0.10420,178,0.06597,314,-136,3
Sigma Algebra,0.10418,179,0.06852,269,-90,8
SergeiTikhonovUT,0.10418,180,0.06733,290,-110,4
Tan_T64,0.10406,181,0.10370,18,163,1
mxiaoooo,0.10404,182,0.05914,442,-260,25
jameswww,0.10379,183,0.05690,479,-296,3
Gaaiyun,0.10361,184,0.06207,369,-185,4
Yuyang Wu,0.10356,185,0.07043,240,-55,7
Mir,0.10344,186,0.06644,301,-115,37
NikitaChurkin (clean sub),0.10336,187,0.07346,201,-14,32
Sheldon Lam,0.10325,188,0.05432,512,-324,6
Yilin Gu0930,0.10300,189,0.05741,470,-281,24
KLE Hecker's,0.10300,190,0.05741,471,-281,19
justin1357,0.10288,191,0.05846,449,-258,3
Alp Potuk,0.10280,192,0.07911,150,42,6
Jimmy Wang,0.10275,193,0.08005,145,48,32
🤡狗头哥🤡,0.10254,194,0.05568,491,-297,10
Mokhithraa,0.10232,195,0.06300,351,-156,2
Voooolt,0.10229,196,0.09385,43,153,57
Edmund870,0.10221,197,0.06567,322,-125,21
Adi Kusuma,0.10200,198,0.06040,418,-220,16
Arpit Yadav,0.10195,199,0.06257,357,-158,4
L.lawliet_12345,0.10133,200,0.06639,304,-104,27
J.B.,0.10128,201,0.08439,115,86,51
DRWupupup,0.10117,202,0.07833,156,46,14
[Deleted] 03968296-7d1c-4584-b1d2-6ebe14c22daa,0.10111,203,0.05935,439,-236,14
Krish_SRM,0.10106,204,0.05424,513,-309,3
Toby,0.10103,205,0.06115,401,-196,37
Samisai,0.10080,206,0.05324,531,-325,23
Vroun,0.10058,207,0.08129,137,70,23
Dunyuan Zha,0.10000,208,0.07815,160,48,21
Luke Kennedy,0.09982,209,0.06577,318,-109,26
Sheyda Asadi,0.09982,210,0.06577,319,-109,5
wuliao_0,0.09982,211,0.06577,320,-109,2
Mudit Gaur,0.09982,212,0.06827,273,-61,3
Bassil Bassiouny,0.09982,213,0.06577,321,-108,3
SHUBHANKAR DUBEY,0.09979,214,0.04663,632,-418,18
Aruansh Khare,0.09973,215,0.06212,366,-151,5
Sunny Ann 69,0.09967,216,0.05030,575,-359,18
Michal Krpata,0.09908,217,0.07343,202,15,7
John Annis,0.09907,218,0.06742,285,-67,7
Qamar math,0.09906,219,0.07647,172,47,71
Josip Vukušić,0.09873,220,0.07871,154,66,18
Apocalypse,0.09873,221,0.07700,169,52,1
aaaowoaaa,0.09865,222,0.08771,94,128,22
DanteTheAbstract,0.09862,223,0.10105,23,200,1
Ayaka Kirima,0.09851,224,0.07612,175,49,7
GameQuiter,0.09847,225,0.07323,204,21,21
Tencyfy,0.09839,226,0.07943,148,78,17
Yuuki KON.PML,0.09830,227,0.04377,663,-436,15
yybxb,0.09820,228,0.04777,610,-382,7
[Deleted] 63f008a3-2489-44d2-acbd-8da0113064e2,0.09798,229,0.05943,437,-208,18
Zheng Ganyixiao,0.09774,230,0.03407,753,-523,24
Goose-Arse,0.09771,231,0.09043,73,158,7
Nick Mo1243,0.09766,232,0.07604,176,56,8
YannFb,0.09760,233,0.08904,85,148,36
Chengzhuo Zhang,0.09753,234,0.06211,368,-134,1
chisquared,0.09738,235,0.07557,184,51,7
Arminas03,0.09736,236,0.05272,540,-304,45
ROZZZZ,0.09708,237,0.03194,777,-540,10
Migrant Worker Data Hub,0.09690,238,0.05318,532,-294,6
Krish V Gada,0.09690,239,0.05171,553,-314,12
sanhuo11,0.09690,240,0.05171,554,-314,12
AN2796,0.09690,241,0.05171,555,-314,12
Pin That The Parking Lot,0.09690,242,0.05171,556,-314,13
Long Issac Hair Fay,0.09690,243,0.05378,519,-276,7
Verify It Is You,0.09690,244,0.05239,546,-302,8
Simon Makumi,0.09690,245,0.05171,557,-312,13
SUJIB BARMAN,0.09690,246,0.05171,558,-312,2
Neo Li,0.09685,247,0.03269,767,-520,5
He Yuanyang723,0.09626,248,0.06808,276,-28,47
B10702052,0.09580,249,0.10037,25,224,27
Max,0.09579,250,0.05551,492,-242,8
Curtis,0.09576,251,0.06943,254,-3,23
yuanyang he,0.09575,252,0.06734,288,-36,21
MrsHope,0.09510,253,0.09079,71,182,10
herry,0.09508,254,0.06613,309,-55,19
The order of the test rows 2,0.09504,255,0.07789,162,93,59
Oliver Flynn,0.09470,256,0.05324,530,-274,6
Yuheng Jia,0.09429,257,0.08999,75,182,18
Hao Guan,0.09419,258,0.08987,79,179,8
reboot is all you need,0.09397,259,0.10630,12,247,30
[Deleted] 775c9912-f8e1-48b7-83c8-7bc0198cbe12,0.09396,260,0.06113,402,-142,2
Carlos Mendoza II,0.09365,261,0.05716,475,-214,2
YEZIHAN,0.09349,262,0.06733,289,-27,21
HADESDEVIL,0.09348,263,0.06073,411,-148,82
theGreatKaggleKing,0.09347,264,0.06167,378,-114,8
thegghost,0.09342,265,0.05772,463,-198,4
Cartethyia,0.09339,266,0.06504,333,-67,8
Marcosshen #2,0.09336,267,0.05079,569,-302,9
Qianhao Zhang,0.09335,268,0.07807,161,107,4
Ern711,0.09296,269,0.08630,102,167,37
MenghaoZhao,0.09233,270,0.01378,894,-624,10
Lennart Haupts,0.09210,271,0.07113,231,40,42
JordanYHChan,0.09180,272,0.07552,185,87,39
Nathan Liu,0.09155,273,0.05601,489,-216,5
martin yip,0.09154,274,0.08187,135,139,63
meijieyue2025,0.09127,275,0.06167,390,-115,3
HL An,0.09112,276,0.09917,28,248,1
MoMoRoRR,0.09112,277,0.07906,152,125,3
[Deleted] 06d48ee8-b3fd-4b1c-a981-1547244cd186,0.09105,278,0.06869,261,17,5
seowoohyeon,0.09084,279,0.06317,349,-70,5
Shichao0824,0.09073,280,0.06068,412,-132,28
o_O,0.09064,281,0.07587,178,103,7
LemonTree,0.09038,282,0.04233,681,-399,11
Миллионы Лет Овуляции (MLOps),0.09037,283,0.06380,344,-61,16
Ayush Savaliya,0.09012,284,0.08193,132,152,23
musuf lin,0.08992,285,0.04698,622,-337,4
iusafa shen,0.08992,286,0.04698,623,-337,6
Al wan na,0.08955,287,0.06065,413,-126,9
Hanpu Yao,0.08939,288,0.05090,565,-277,9
YutingLi0835,0.08931,289,0.04868,598,-309,12
Ablay Dosmaganbetov,0.08905,290,0.04764,613,-323,3
liumi,0.08895,291,0.02520,831,-540,5
lxy325,0.08889,292,0.05368,522,-230,5
jiang tianyun,0.08837,293,0.07584,180,113,10
Lauris_berkeley,0.08829,294,0.04453,652,-358,13
Ylan,0.08799,295,0.02491,834,-539,5
I2nfinit3y,0.08792,296,0.01339,897,-601,4
yu,0.08792,297,0.01339,898,-601,1
ducnh279,0.08791,298,0.08720,99,199,27
harrodyuan,0.08783,299,0.05369,520,-221,10
William Guesdon,0.08780,300,0.06167,387,-87,8
Misha Shikhov,0.08780,301,0.05883,446,-145,9
Jamal Saeedi,0.08780,302,0.07405,196,106,20
caichequming,0.08773,303,0.06266,355,-52,3
entro1024,0.08773,304,0.06266,356,-52,6
SullyCastro,0.08768,305,0.07656,171,134,31
Sergey,0.08720,306,0.09291,49,257,9
Graham L,0.08720,307,0.01426,889,-582,38
[Deleted] fbcf8051-c91b-4bbe-893e-3c2b608c8842,0.08718,308,0.01411,890,-582,5
Julio Contreras,0.08702,309,0.05179,552,-243,44
Mikhail Pigolkin,0.08694,310,0.02478,835,-525,2
pencil red,0.08662,311,0.02536,827,-516,2
AVERMA1,0.08662,312,0.07246,211,101,6
zzz,0.08662,313,0.06961,251,62,10
Abid Munna,0.08662,314,0.02536,828,-514,10
[Deleted] 0922f603-a3ae-4f36-879d-959d46756480,0.08662,315,0.02536,826,-511,1
SCRIPTCHEF,0.08652,316,0.07819,159,157,28
Matthew Thomas,0.08646,317,0.08485,110,207,13
dorian,0.08622,318,0.08106,138,180,20
[Deleted] f33c6297-eb3a-429c-8960-ab4f0a1711e9,0.08619,319,0.01605,881,-562,5
Moroz Roman,0.08618,320,0.04676,630,-310,5
Undercrofters,0.08610,321,0.00603,914,-593,5
Bửu Phạm Quốc,0.08584,322,0.08732,98,224,4
XingYe02,0.08571,323,0.08737,97,226,13
D4nilZ,0.08566,324,0.09402,42,282,6
Erying Zhao,0.08554,325,0.04910,594,-269,2
friyuval,0.08548,326,0.08896,87,239,8
SHyeon99,0.08546,327,0.09245,53,274,18
Karthik,0.08530,328,0.04685,628,-300,44
Eriko,0.08525,329,0.07845,155,174,5
Moonis Haider 1932,0.08525,330,0.02036,854,-524,1
SoarCraft,0.08523,331,0.01785,869,-538,8
079,0.08518,332,0.08583,103,229,12
jasonzhao1039,0.08517,333,0.06076,410,-77,9
Saveliy Karpushkin,0.08510,334,0.04981,578,-244,3
[Deleted] fb8900c2-b05d-44af-bfb2-220d771704aa,0.08506,335,0.06007,423,-88,12
xxxL Chaos us,0.08480,336,0.03258,771,-435,5
AntonioYan,0.08476,337,0.04272,675,-338,2
Elliot Qiao,0.08474,338,0.05790,458,-120,3
Not_Null,0.08451,339,0.06553,323,16,12
priya1207,0.08440,340,0.01498,886,-546,1
JY,0.08431,341,0.01617,880,-539,1
Wendi OUYANG,0.08406,342,0.08472,113,229,13
IC0.2,0.08394,343,0.01157,903,-560,3
Inga Kuznetsova,0.08383,344,0.05873,447,-103,19
Ricky The Ising,0.08371,345,0.06547,327,18,9
heigaga,0.08369,346,0.06193,370,-24,17
Bakuer30,0.08356,347,0.06167,382,-35,185
LOSTCOMP,0.08343,348,0.08060,140,208,48
有点小困呢S,0.08340,349,0.06035,420,-71,6
Cui Danyao,0.08328,350,0.08958,82,268,7
WngHeMng0316,0.08309,351,0.00282,935,-584,2
Dur-e-Yashfeen,0.08305,352,0.05121,562,-210,1
Orangelwlrma,0.08296,353,0.03060,784,-431,11
Sunshine Rainbow White Pony,0.08291,354,0.06246,359,-5,4
Angus King,0.08287,355,0.07510,187,168,10
Jianhui0706,0.08275,356,0.06741,286,70,9
CEO @ КриптоБаза3000,0.08249,357,0.05441,509,-152,6
Ln Chtgnlt,0.08227,358,0.06053,415,-57,12
Evgeniy Molozhenko,0.08220,359,0.06302,350,9,12
LiWen Xue,0.08206,360,0.02854,804,-444,3
Zakaria Aala,0.08190,361,0.01900,865,-504,6
William178,0.08184,362,0.03783,724,-362,9
Riyadh Barka,0.08183,363,0.04424,656,-293,7
cpchen8888,0.08140,364,0.09663,32,332,1
Anuraj Chavan,0.08136,365,0.04464,650,-285,14
[Deleted] d3c457ba-0309-4872-91e1-d89197b5a978,0.08136,366,0.06152,394,-28,7
Elias Roubache,0.08129,367,0.06736,287,80,7
CapitainData,0.08113,368,0.06212,365,3,7
Rhodes Island,0.08105,369,0.06801,278,91,18
Ultraman,0.08065,370,0.09207,56,314,4
mkeriy,0.08044,371,0.07243,212,159,7
Sebastian Castaño Cruz,0.08032,372,0.06167,391,-19,2
Harshit,0.08032,373,0.06167,377,-4,2
Kunal Aarse,0.08032,374,0.06167,379,-5,6
OzanM.,0.08032,375,0.06167,380,-5,64
Alex GUAN,0.08032,376,0.06167,381,-5,20
daidary,0.08032,377,0.06167,383,-6,6
Nebula Capital,0.08032,378,0.06167,384,-6,4
Debarupa Sinha,0.08032,379,0.06167,385,-6,2
John Mitchell,0.08032,380,0.06331,348,32,9
FunkyBoy,0.08032,381,0.06167,386,-5,7
DATA-X,0.08032,382,0.06167,388,-6,4
ham_ham,0.08032,383,0.06167,389,-6,9
Derya Umut Kulali,0.08032,384,0.06167,392,-8,5
LQA,0.07995,385,0.09096,68,317,15
peter,0.07994,386,0.07094,233,153,33
FML,0.07973,387,0.07723,167,220,11
Yihan Guo,0.07970,388,0.05760,465,-77,6
angus4718,0.07970,389,0.05760,464,-75,4
mangolalala,0.07948,390,0.06480,335,55,2
MersadA,0.07945,391,0.06060,414,-23,1
hbht03,0.07942,392,0.07493,190,202,2
Prathamesh Mistry,0.07933,393,0.03265,770,-377,21
hiu,0.07929,394,0.08297,124,270,11
Nadia TRIKI,0.07923,395,0.08062,139,256,3
Sercan Karaoğlu,0.07903,396,0.01264,900,-504,1
china LZU,0.07889,397,0.01129,904,-507,1
prash4nt,0.07887,398,0.07931,149,249,8
Joseph Shih 0912,0.07850,399,0.07978,146,253,16
OrigiDiv,0.07846,400,0.07641,173,227,20
Hew,0.07838,401,0.05074,571,-170,32
helplight,0.07832,402,0.07780,164,238,5
Rikuto MORI,0.07827,403,0.07640,174,229,6
pinoystat,0.07819,404,0.05498,498,-94,16
BEJJALA Mani Sai Teja,0.07798,405,0.06343,347,58,51
ali_ns95,0.07782,406,0.03714,729,-323,11
azarther,0.07778,407,0.08190,134,273,12
Eugenio Macias Orozco,0.07769,408,0.03444,752,-344,4
Nandini Wadhwa,0.07761,409,0.08402,117,292,7
József Molnos,0.07759,410,0.06514,329,81,4
qiqi1996amelia,0.07749,411,0.07377,198,213,5
yuz0101,0.07717,412,0.06445,339,73,3
kaijyin,0.07713,413,0.08553,105,308,14
cckaij123,0.07713,414,0.08674,101,313,12
Taaran,0.07699,415,0.06758,282,133,11
JcpApplications,0.07685,416,0.05447,507,-91,31
Shubham Jain,0.07668,417,0.04973,582,-165,5
stanislas Brd,0.07659,418,0.06149,395,23,5
15,0.07652,419,0.08229,131,288,2
[Deleted] 7faeae3a-25d5-4e0b-8cc8-46d8936911fc,0.07631,420,0.05248,545,-125,7
Sayonara,0.07622,421,0.01393,892,-471,5
Amos Fang,0.07621,422,0.07718,168,254,1
Nitin Raj,0.07566,423,0.04019,703,-280,1
Mengjun Zhu,0.07556,424,0.02715,813,-389,16
LEON,0.07554,425,0.01643,879,-454,5
Ahmet Kacmaz,0.07536,426,0.05182,550,-124,4
Q.W,0.07527,427,0.03535,743,-316,1
Yin Qiwei,0.07527,428,0.03535,744,-316,1
Oleg Zagorulko,0.07527,429,0.03535,745,-316,1
ArthurXjtu,0.07471,430,0.08052,141,289,3
Vlad Vieru,0.07395,431,0.08760,96,335,4
suika's playground,0.07387,432,0.03742,727,-295,15
Mandy Zhang,0.07375,433,0.07237,213,220,5
Asapacsin Farland,0.07374,434,0.00824,909,-475,5
little_gold_fish,0.07373,435,0.08903,86,349,14
Joel Alves,0.07354,436,0.06955,252,184,9
KYP,0.07329,437,0.09454,40,397,9
Paritosh Kumar Tripathi,0.07324,438,0.06628,305,133,1
Xuehui Liu,0.07304,439,0.07198,217,222,2
turtle,0.07292,440,0.07213,215,225,8
WindClimber,0.07289,441,0.07090,234,207,14
sanebow,0.07283,442,0.05781,461,-19,2
AShin,0.07267,443,0.03826,720,-277,6
DannyDog1227,0.07260,444,0.06858,267,177,24
BigdataW,0.07253,445,0.06892,259,186,1
Junhan Zhang,0.07250,446,0.06867,262,184,10
Semyon Epanov,0.07225,447,0.07204,216,231,3
KickYouOut,0.07221,448,0.03788,723,-275,1
Palindrome _ X,0.07217,449,0.04349,666,-217,5
Tang Dynasty,0.07212,450,0.05787,459,-9,7
Artur M,0.07211,451,0.07186,221,230,5
Muhammad,0.07210,452,0.09491,37,415,54
Alexander Ershov,0.07203,453,0.06508,332,121,12
christopher obuchere,0.07199,454,0.06811,275,179,26
WarpGBM,0.07191,455,0.07140,226,229,6
Lina,0.07190,456,0.08315,122,334,1
somyamehta_24,0.07184,457,0.06141,397,60,3
Mr RRR,0.07172,458,0.06940,255,203,6
RollerCoaster,0.07160,459,0.08524,108,351,4
Sai Adhithya,0.07131,460,0.06220,362,98,2
Javier Reinoso Velasco,0.07125,461,0.03540,741,-280,30
Naman Durve,0.07121,462,0.05298,535,-73,4
Phương Nguyễn Việt,0.07111,463,0.08785,93,370,10
persil,0.07109,464,0.08158,136,328,7
Zongxi Qiu,0.07108,465,0.07018,244,221,5
Arthur Garon #2,0.07080,466,0.08493,109,357,1
yehqysns,0.07058,467,0.07274,208,259,3
[Deleted] 927a8f99-d97f-4fd7-adc1-67a5aa3c8b06,0.07055,468,0.08987,78,390,3
noobs,0.07052,469,0.07261,209,260,5
anotherone1211,0.07016,470,0.08357,120,350,2
Hmmm,0.07013,471,0.08876,88,383,3
sinkin67,0.07013,472,0.05678,481,-9,15
TKM1253,0.06961,473,0.08277,125,348,2
mnonaka3,0.06960,474,0.08276,126,348,2
FaizaanGagan,0.06948,475,0.08705,100,375,11
CARMEN.AI,0.06936,476,0.03401,755,-279,10
shiroka,0.06936,477,0.05351,525,-48,19
LabubuFamily,0.06936,478,0.05298,536,-58,3
aurora243,0.06924,479,0.05263,543,-64,9
Billys J Ciprian,0.06921,480,0.08012,143,337,12
AlleyMax,0.06911,481,0.05302,534,-53,11
ElfFei,0.06904,482,0.05434,511,-29,4
vivchik,0.06900,483,0.05785,460,23,21
Viet-Phuong-1204,0.06888,484,0.03962,708,-224,5
Valunauts,0.06862,485,0.04360,664,-179,14
Jose Hernandez,0.06845,486,0.04712,621,-135,41
TomoyaM,0.06829,487,0.07829,158,329,8
Gasset Mathieu,0.06826,488,0.02919,796,-308,1
Raphaël,0.06806,489,0.03337,759,-270,10
Santhosh & Shanjeev,0.06806,490,0.03404,754,-264,1
giras,0.06797,491,0.07479,192,299,12
Wei Zheng Choo,0.06778,492,0.03498,748,-256,6
Ensophea Toch,0.06771,493,0.05204,549,-56,14
Barinka Batista,0.06759,494,0.05793,457,37,5
Zhengze Ren,0.06752,495,0.05278,539,-44,4
A.K.NITHIN,0.06751,496,0.05507,496,0,10
Elieazer Maru,0.06738,497,0.08946,83,414,9
igeorgegabriel,0.06727,498,0.07008,245,253,23
PK1221KP,0.06694,499,0.06835,271,228,3
Hgvv Hgbbb,0.06687,500,0.05747,469,31,9
Rafael Ayllón Gavilán,0.06676,501,0.07573,181,320,2
muji,0.06665,502,0.06509,331,171,7
Gilad Kertesz Harduf,0.06652,503,0.05038,574,-71,3
lookmomIampredicting,0.06650,504,0.03296,766,-262,22
Yandong Zhang,0.06646,505,0.05293,537,-32,5
olougern111,0.06642,506,0.02824,807,-301,10
XAI_BRMC,0.06642,507,0.07005,246,261,7
maria merino,0.06629,508,0.07253,210,298,2
MINGJIE ZHANG0621,0.06616,509,0.06267,354,155,5
Creeon,0.06580,510,0.06751,283,227,10
Cem Karışlı,0.06578,511,0.05958,435,76,9
skaak,0.06568,512,0.08359,119,393,33
harsh@mankar,0.06559,513,0.05994,424,89,3
Mahdi Ravaghi,0.06511,514,0.07214,214,300,8
yassir limouri,0.06502,515,0.07076,236,279,4
Awais5067,0.06496,516,0.05497,499,17,5
zhongtian,0.06491,517,0.06671,299,218,31
Vladimir Khismatullin,0.06486,518,0.04801,605,-87,1
Jimmy Huang,0.06484,519,0.04971,584,-65,2
Marius Heuser,0.06474,520,0.05799,456,64,2
ejmera,0.06468,521,0.05384,517,4,6
Bright,0.06464,522,0.07560,183,339,14
MICADEE,0.06448,523,0.07833,157,366,7
hepzanechen,0.06441,524,0.04228,684,-160,5
Growingduck,0.06419,525,0.06702,294,231,6
Reg Edwards,0.06412,526,0.06908,258,268,10
Jack Puccini,0.06402,527,0.10527,14,513,2
EthanD,0.06392,528,0.07284,207,321,6
Sourav Saini,0.06381,529,0.06090,408,121,4
KMeancluster,0.06357,530,0.05688,480,50,5
Rachel,0.06331,531,0.07134,227,304,3
Jay Salvi,0.06318,532,0.06886,260,272,12
FuzzyLazy,0.06315,533,0.07757,166,367,28
math2quant,0.06310,534,0.04476,649,-115,10
Salim Dohri,0.06299,535,0.05641,485,50,1
Pablo Figueroa,0.06276,536,0.04722,620,-84,3
Jeevesh Banchhor,0.06275,537,0.07124,230,307,10
Ismail Ali Ahmed,0.06241,538,0.03843,719,-181,11
LiuDongStar,0.06217,539,0.03135,782,-243,3
Abubakar Magomedov,0.06211,540,0.05264,542,-2,2
AryaKrishna@MON,0.06206,541,0.05938,438,103,13
esz poi,0.06206,542,0.08271,127,415,2
Jialiang Zhou,0.06200,543,0.07129,228,315,4
dangomu,0.06177,544,0.04028,702,-158,4
BRUH,0.06161,545,0.05392,515,30,10
[Deleted] 5a8e53b0-01b1-4ffb-8cf7-6f8e607c3819,0.06156,546,0.05758,466,80,7
ZephyrineY,0.06152,547,0.05978,429,118,9
georgexue666,0.06100,548,0.06031,421,127,5
FuyuhiMa,0.06088,549,0.07320,205,344,9
404: Team Name Not Found,0.06085,550,0.04117,694,-144,16
eryue shisi,0.06085,551,0.05956,436,115,2
Tony Li,0.06072,552,0.05181,551,1,1
Tiantian:),0.06063,553,0.07003,247,306,3
Rola Islait,0.06053,554,0.06189,372,182,1
Tourists,0.06049,555,0.06051,416,139,29
pub pubpub,0.06046,556,0.07046,239,317,2
DenisChelyab,0.06011,557,0.01691,877,-320,1
Noob Quant Traders,0.06010,558,0.06449,338,220,29
Just testing some stuff,0.06007,559,0.01710,875,-316,27
bakato,0.05993,560,0.02072,852,-292,5
KoNaDOPT,0.05977,561,0.07126,229,332,8
R4N99a NGRO,0.05973,562,0.03026,789,-227,13
daukalet,0.05955,563,0.06135,398,165,3
Daniel Brotherhood,0.05952,564,0.04970,585,-21,5
Sadık Kaçakçı,0.05939,565,0.07446,193,372,2
Adil Shamim,0.05937,566,0.02671,818,-252,2
JM,0.05927,567,0.05739,472,95,5
Ilya Skarednov,0.05926,568,0.01370,896,-328,1
CHSTO,0.05924,569,0.06792,279,290,3
pratice,0.05921,570,0.05968,430,140,2
Bitcoin,0.05920,571,0.05888,444,127,3
Deepak Saldanha,0.05920,572,0.03040,788,-216,8
HENRYOU889,0.05913,573,0.03584,737,-164,1
TA HUU ANH,0.05909,574,0.05993,426,148,1
Jayanti Khandavilli,0.05904,575,0.06677,297,278,51
ransid1,0.05892,576,0.05927,441,135,7
For the Emperor,0.05858,577,0.08230,130,447,4
bestwater,0.05852,578,0.06098,406,172,6
Kemal Kılıçaslan,0.05840,579,0.07057,237,342,22
PetaZ79,0.05824,580,0.05368,521,59,2
Genki Asahi,0.05813,581,0.05028,576,5,8
Aphrodite,0.05799,582,0.05507,495,87,5
Artificial Gains,0.05784,583,0.06682,296,287,15
💥Boom💥,0.05781,584,0.06708,293,291,8
Donovan Ray,0.05777,585,0.09161,63,522,13
Clement COUCHEVELLOU,0.05777,586,0.04596,642,-56,27
W,0.05766,587,0.06288,352,235,5
Daniel Spartakves,0.05756,588,0.04331,668,-80,4
Dany Kelzi,0.05756,589,0.05379,518,71,23
Aaditya Meghrajani,0.05754,590,0.09245,52,538,24
kapilsuara,0.05752,591,0.04975,581,10,5
Montasir,0.05737,592,0.04310,670,-78,2
Sudarshini Tyagi,0.05724,593,0.04859,600,-7,6
Fallen_Knight576,0.05694,594,0.07910,151,443,5
Kavignaani,0.05693,595,-0.00096,1038,-443,2
FUWA,0.05682,596,0.06379,346,250,5
pranv11,0.05679,597,0.04763,615,-18,1
DASH,0.05672,598,0.04697,624,-26,4
Snow Yan,0.05664,599,0.06617,308,291,11
Gagan David ,0.05646,600,0.04692,626,-26,9
gopalm-ai,0.05634,601,0.05362,524,77,10
مساء الزبدة,0.05631,602,0.04640,635,-33,10
ZULQAR.,0.05622,603,0.06979,248,355,5
Ramazan Turan,0.05621,604,0.05161,559,45,1
hanae tf,0.05620,605,0.03328,761,-156,1
Martin Mbalkam,0.05604,606,0.01323,899,-293,1
Martin Szerment,0.05590,607,0.05693,478,129,10
congx1,0.05589,608,0.06121,400,208,6
Jincheng Wang,0.05579,609,0.03965,707,-98,8
Piyoosh Srivastava,0.05572,610,0.07030,241,369,17
waticson,0.05553,611,0.04942,590,21,1
Melvin Varghese,0.05546,612,0.04656,633,-21,4
Mushroom_Man_5558,0.05544,613,0.03268,768,-155,3
High Sharpe,0.05539,614,0.04432,654,-40,7
Diamond Hands,0.05534,615,0.06211,367,248,23
Andry,0.05528,616,0.04400,660,-44,2
ASHVIN,0.05519,617,0.04968,586,31,3
Connor Stanley,0.05515,618,0.04884,597,21,1
Atharv Katkar,0.05508,619,0.04738,617,2,1
Arnav Harshit 05,0.05500,620,0.05114,564,56,4
Vojtěch Humpl,0.05482,621,0.05401,514,107,8
Sandhya Avasthi,0.05481,622,0.05088,566,56,1
Thariq Arian,0.05450,623,0.04771,611,12,11
realtluu,0.05446,624,0.02896,799,-175,16
Harish K,0.05407,625,0.04622,637,-12,9
cwang900726,0.05406,626,0.06742,284,342,5
easonyanyan,0.05405,627,0.08475,112,515,10
Asem Hatamleh,0.05397,628,0.05082,568,60,3
Ashutosh Tiwari,0.05395,629,0.05267,541,88,10
RMMJ,0.05388,630,0.07027,242,388,5
firas sheleh,0.05376,631,0.02312,846,-215,12
TG,0.05374,632,0.06482,334,298,2
GML,0.05372,633,0.03567,738,-105,9
Yaroslaw Voropaew,0.05353,634,0.05386,516,118,4
ujjal kumar Mahato,0.05346,635,0.05843,450,185,1
L & L,0.05346,636,0.05843,451,185,1
FEFE,0.05333,637,0.06602,312,325,5
yololiu,0.05275,638,0.04409,658,-20,3
InterviewUs,0.05271,639,0.07695,170,469,6
Vicki Mu,0.05257,640,0.05838,453,187,6
XuFei Lu,0.05250,641,0.06550,324,317,1
Riri,0.05241,642,0.06168,376,266,3
dongbeiyujie,0.05236,643,0.00927,906,-263,5
Robert Cruse Jr,0.05220,644,0.04664,631,13,5
polysnep,0.05215,645,0.07101,232,413,16
NAtiNA,0.05203,646,0.04377,662,-16,17
beidixiaoxiong,0.05201,647,0.05087,567,80,6
prasoon_gupta22,0.05196,648,0.04571,643,5,1
TruthMiner,0.05169,649,0.07392,197,452,7
Sourav,0.05151,650,0.03825,721,-71,5
Raijin,0.05131,651,0.03328,762,-111,11
Risikesan,0.05126,652,0.04166,690,-38,1
Jason Gou,0.05114,653,0.03375,756,-103,8
Fondry,0.05108,654,0.06095,407,247,11
EmilyYX,0.05103,655,0.05978,428,227,1
Jeremy Sasson,0.05056,656,0.03331,760,-104,5
Guilherme Santos,0.05041,657,0.06603,311,346,4
kjkjkji,0.05011,658,0.06830,272,386,5
SeminLee(Leo Lee),0.04968,659,0.07187,220,439,6
Prasad.tgs,0.04967,660,0.04955,588,72,6
Sabiha Malik,0.04966,661,0.04191,687,-26,6
Ogwal Odyek,0.04961,662,0.04733,619,43,3
bingo,0.04959,663,0.02946,794,-131,6
Abhishek Patil,0.04955,664,0.04763,614,50,1
ph_one1,0.04954,665,0.06450,337,328,6
zachary1031,0.04929,666,0.05605,487,179,2
Vishal Naik,0.04918,667,0.05236,548,119,5
Matej Kamenicky,0.04916,668,0.06515,328,340,12
tsl99us,0.04914,669,0.05602,488,181,4
hanyi,0.04901,670,0.06379,345,325,6
Benjamin Chan,0.04879,671,0.02789,808,-137,12
[Deleted] ff1b96bf-34be-41c9-a898-d1a036e5357c,0.04866,672,0.05715,476,196,15
Anisoulk,0.04848,673,0.04977,579,94,5
metawave,0.04847,674,0.04116,695,-21,1
SimonNguyen,0.04840,675,0.04349,667,8,1
Tharindu Karunarathna,0.04817,676,0.04617,638,38,1
Wednesday,0.04816,677,0.02908,798,-121,6
Sudhanshu3112,0.04816,678,0.02576,825,-147,1
Grinding Beans,0.04808,679,0.05285,538,141,6
Siyuan,0.04803,680,0.04063,699,-19,14
Tri Babu,0.04799,681,0.04291,672,9,3
YeYeWest,0.04796,682,0.03494,749,-67,11
saisai6567,0.04795,683,0.06144,396,287,3
Vlad_Training,0.04795,684,0.09237,54,630,4
papayiv,0.04794,685,0.06691,295,390,6
[Deleted] 9d2ca8f3-af7f-456f-a630-c20bec05b9d5,0.04777,686,0.04262,679,7,1
Charbel Nehme,0.04777,687,0.06105,405,282,26
YiranSun0921,0.04768,688,0.06236,360,328,3
katoue,0.04756,689,0.08412,116,573,2
Cyrin Neeraj,0.04740,690,0.05867,448,242,2
AkiraIshikawa,0.04735,691,0.04437,653,38,4
man_dry_bread,0.04728,692,0.03184,778,-86,3
hhh,0.04717,693,0.04999,577,116,2
Arpit1Bansal,0.04714,694,0.04351,665,29,4
NikolAiD153,0.04695,695,0.04403,659,36,6
pinkwhale09,0.04693,696,0.00176,949,-253,4
Avinash Yadav,0.04671,697,0.08236,129,568,2
Joy Wu,0.04669,698,0.03355,758,-60,5
samyuktha,0.04658,699,0.05152,561,138,3
Srikanth Guduru,0.04654,700,0.05451,506,194,5
Evgeny Chubchev,0.04635,701,0.08558,104,597,8
ZXMATH,0.04621,702,0.04824,603,99,4
量化如玄学,0.04604,703,0.04084,697,6,1
Muhammad Mohsin,0.04592,704,0.04791,608,96,1
Siddhuj81,0.04574,705,0.06134,399,306,4
Yanzhao,0.04570,706,0.03878,714,-8,1
Vlad Snozyk,0.04552,707,0.04072,698,9,1
aurora3333,0.04536,708,0.07774,165,543,9
PUN,0.04534,709,0.04164,691,18,2
Lamii2901,0.04525,710,0.03929,710,0,5
Dr. Michael Kuszpa,0.04525,711,0.05902,443,268,6
WANGLE66,0.04513,712,0.06971,249,463,1
Kirin,0.04481,713,0.05589,490,223,4
Soham Mukherjee47,0.04448,714,0.02679,816,-102,10
Oleg Kurilov,0.04438,715,0.02644,820,-105,1
KOUSHIK KUMAR DINDA,0.04431,716,0.04644,634,82,3
K.Alami24,0.04410,717,0.03848,718,-1,1
Burgundy xyz,0.04399,718,0.04107,696,22,5
Benjamin,0.04372,719,0.04138,692,27,2
Yuri,0.04362,720,0.03311,764,-44,6
bluetriad,0.04336,721,0.03617,735,-14,3
Karan Gupta,0.04329,722,0.03956,709,13,1
Priscilla Gemperle,0.04316,723,0.03713,730,-7,3
yone huang,0.04315,724,0.06388,343,381,2
Momina9,0.04305,725,0.03862,715,10,3
Irene Khan,0.04305,726,0.03862,716,10,1
Datadriver,0.04302,727,0.04232,683,44,5
mindset324,0.04287,728,0.03045,787,-59,2
Charles K Luis,0.04245,729,0.05238,547,182,2
Praxitelis Ntokos,0.04221,730,0.05348,527,203,13
Sahand Nazarzadeh,0.04207,731,0.04901,595,136,3
Ravi kiran Uppalapati,0.04172,732,0.05258,544,188,5
Mike Chaves,0.04153,733,0.04945,589,144,11
Kevin LUO,0.04140,734,0.05490,501,233,1
Kirderf,0.04136,735,0.06770,281,454,6
Rohanrk1813,0.04135,736,0.03739,728,8,4
MALAY CHAND,0.04128,737,0.04957,587,150,12
Rizal Shidiq,0.04117,738,0.04264,678,60,1
xpsi,0.04081,739,0.02761,810,-71,8
Hazel Wine,0.04077,740,0.03858,717,23,8
Nikolai Edkov,0.04073,741,0.04564,644,97,9
Ankush Pandit,0.04071,742,0.05634,486,256,1
Robo Games,0.04059,743,0.04520,646,97,4
SY,0.04043,744,0.02671,817,-73,5
Sacha,0.04037,745,0.03644,733,12,2
Sergey Petrov,0.04017,746,0.00792,910,-164,5
Manan Jain,0.03994,747,0.02103,850,-103,12
Borya,0.03984,748,0.04977,580,168,10
GARV,0.03981,749,0.03521,746,3,1
Maaz Khan,0.03980,750,0.05811,455,295,14
PRADHYUMN YADAV,0.03968,751,0.04795,607,144,2
Zhuzhu Bond,0.03949,752,0.03535,742,10,3
Not Found 510,0.03879,753,0.05501,497,256,1
PRIYANSHU PRAJAPATI,0.03872,754,0.05735,473,281,3
Malay Chand,0.03869,755,0.03969,706,49,5
Bhavya Arora,0.03832,756,0.05060,573,183,4
Linh Nguyễn,0.03830,757,0.04326,669,88,6
ichokawa.sos,0.03827,758,0.03054,785,-27,15
sharppink,0.03825,759,0.04899,596,163,6
Kkkkkkkyle Yu,0.03817,760,0.03809,722,38,1
Harshopopji,0.03817,761,0.05534,493,268,1
Lily Junkar,0.03815,762,0.03565,739,23,2
xm oblak,0.03815,763,0.00297,932,-169,4
wimbley,0.03809,764,0.05994,425,339,1
Ryougi_rain,0.03795,765,0.04972,583,182,6
Amr Ashor,0.03765,766,0.03983,705,61,10
Aya Youssef,0.03735,767,0.04190,688,79,4
Srijan Ratrey,0.03726,768,0.04267,677,91,1
Icey Qin,0.03719,769,0.06109,403,366,11
Ronit Das,0.03689,770,0.06710,292,478,6
MCD NEO,0.03678,771,0.03013,792,-21,17
xuyihang60,0.03668,772,0.05458,505,267,2
Alseth,0.03657,773,0.07364,200,573,4
michel emil,0.03618,774,0.04124,693,81,4
Nicks,0.03559,775,0.04931,591,184,5
Kilalon,0.03447,776,0.04293,671,105,13
Banh Sua,0.03437,777,0.01401,891,-114,5
Antonio Rodriguez Hidalgo,0.03434,778,0.02321,845,-67,3
David I Achugbue,0.03433,779,0.00259,938,-159,1
Abhijit Rajkumar,0.03419,780,0.04278,674,106,7
Kaichuan Guan,0.03359,781,0.04861,599,182,2
Subham8950,0.03347,782,0.06038,419,363,8
Cheng zh1yuan,0.03312,783,0.03770,725,58,3
test_crypto,0.03300,784,0.03176,779,5,5
İsmail Çaprak,0.03290,785,0.04841,602,183,2
SYSA,0.03289,786,0.04283,673,113,9
Klgv Klgv,0.03280,787,0.03252,773,14,3
Kyle099,0.03274,788,0.03750,726,62,1
taka@Moot,0.03274,789,0.04914,593,196,1
franck,0.03246,790,0.05494,500,290,1
Lonmmy Lai,0.03224,791,0.05673,482,309,1
Quantropy,0.03162,792,0.03074,783,9,3
AravindML,0.03113,793,0.01812,868,-75,1
IZEK123,0.03073,794,0.04455,651,143,1
Pranjal_Verma__,0.03039,795,0.02035,855,-60,1
gamalelbayoumi,0.03016,796,0.02413,838,-42,1
Marcosshen,0.02950,797,0.01495,887,-90,1
vivek kumar 5148,0.02938,798,0.04683,629,169,2
Dubnium,0.02927,799,0.01522,885,-86,5
gne931,0.02879,800,0.06856,268,532,2
kk2695,0.02865,801,0.02885,800,1,1
Abeirt,0.02842,802,0.01262,901,-99,5
Josmar Augusto Fonseca Barbosa,0.02831,803,0.04411,657,146,1
Here,0.02828,804,0.03595,736,68,9
ArtificialChicken,0.02788,805,0.05650,484,321,4
De Marchi Fabio,0.02775,806,0.02374,840,-34,1
Manav Trivedi,0.02775,807,0.02374,841,-34,1
SDA,0.02758,808,0.00663,913,-105,4
"Kerry C. Cox, Jr.",0.02745,809,0.04800,606,203,3
Jonathan Roth,0.02742,810,0.03195,776,34,3
Students,0.02725,811,0.04428,655,156,1
vossipov,0.02725,812,0.02827,806,6,6
Aneesa Jadoon,0.02717,813,0.04233,682,131,2
Roman Shevchuk112,0.02706,814,0.03224,775,39,2
Avinash Kaushal,0.02687,815,0.02637,823,-8,1
Isaac Newtons,0.02677,816,0.03471,750,66,3
EvgenyKazenov,0.02629,817,0.03677,732,85,2
Rikuto Takeuchi,0.02628,818,0.03708,731,87,1
a3amaT02,0.02608,819,0.02977,793,26,4
MyGO,0.02606,820,0.00448,919,-99,1
sudheer Singh,0.02606,821,0.00448,920,-99,2
John Mtulya,0.02589,822,0.03889,713,109,3
viraj sawant,0.02588,823,0.03559,740,83,4
Dmitriy Ch,0.02568,824,0.05366,523,301,2
kaylascho Lawrene,0.02553,825,0.05328,529,296,6
InchTelligence,0.02512,826,0.02188,848,-22,22
huixucom,0.02486,827,0.02493,833,-6,7
Candice Kan,0.02486,828,0.02713,814,14,2
aaa,0.02480,829,0.04502,648,181,2
Mitchell Singh,0.02477,830,0.04547,645,185,1
HYPEE SUN,0.02476,831,0.02838,805,26,2
longhoangvinh,0.02456,832,0.04037,700,132,1
Guanshuo Xu,0.02452,833,0.04784,609,224,1
Nihar Shah,0.02426,834,0.04930,592,242,2
The Data Person,0.02422,835,0.02868,802,33,2
Duhe_aa,0.02416,836,0.04601,639,197,9
DDo Tuan,0.02416,837,0.02680,815,22,5
DavidLi13922795186,0.02413,838,0.04736,618,220,4
Andrew Heuer,0.02402,839,0.03917,712,127,6
Rikan Saha,0.02391,840,0.04598,640,200,4
zyy200012,0.02391,841,0.04598,641,200,3
Isabelle999,0.02379,842,0.04379,661,181,1
DiaboliZe,0.02367,843,0.02737,811,32,5
AKN,0.02366,844,0.02936,795,49,16
Michel NGAPANOUN,0.02343,845,0.01906,864,-19,1
hafts11,0.02283,846,0.03923,711,135,2
Hinata Kirima,0.02180,847,0.04633,636,211,5
Tobi Ajao,0.02158,848,0.04694,625,223,4
Renoir,0.02128,849,0.01954,858,-9,8
Jimmy000003,0.02128,850,0.01954,859,-9,2
delta47x,0.02128,851,0.01954,860,-9,2
Pavel Spitsyn,0.02128,852,0.01954,861,-9,1
kruis tan,0.02128,853,0.01954,862,-9,2
Uranus,0.02128,854,0.01954,863,-9,6
Kenj,0.02085,855,0.02657,819,36,5
adarsh_rajbhar1234@,0.02057,856,0.03321,763,93,2
JamieYu1,0.02023,857,0.02639,821,36,2
Aboudramane Traore,0.02023,858,0.02606,824,34,2
Zahra ELHAMRAOUI,0.02018,859,0.03300,765,94,4
Nobody,0.02013,860,0.00444,921,-61,6
lin_1021,0.01935,861,0.03636,734,127,1
uday tripurani,0.01925,862,0.04254,680,182,1
Deng,0.01916,863,0.02525,830,33,1
MHAMEEN,0.01893,864,0.02870,801,63,1
newbyy,0.01891,865,0.02100,851,14,2
[Deleted] 3807f567-cdd8-49ad-868d-9f1ed1dd017b,0.01878,866,0.02638,822,44,7
爱智智能aismart,0.01877,867,0.02463,836,31,1
Elizabeth Hu,0.01846,868,-0.00186,1071,-203,2
Suren Surenthiran,0.01815,869,-0.00514,1082,-213,1
Solomon Zewdu,0.01807,870,0.01723,874,-4,29
Volodymyr,0.01771,871,0.04767,612,259,5
Null,0.01758,872,0.03175,780,92,6
LelloucheViBritannia,0.01728,873,-0.02518,1087,-214,1
Thu NTA,0.01667,874,0.01871,866,8,4
Alan,0.01655,875,0.02374,842,33,1
Charismatic Pizza Party🍕,0.01599,876,0.03017,791,85,1
Etienne Sultan,0.01594,877,0.01209,902,-25,1
ABHAY SINGH,0.01540,878,0.00912,907,-29,2
Gilberto Batres-Estrada,0.01533,879,0.02864,803,76,1
Juan Adames,0.01490,880,0.02497,832,48,1
Nocima,0.01469,881,0.03510,747,134,1
Sam doctor,0.01468,882,0.04225,685,197,2
Kevin Wong,0.01426,883,0.02918,797,86,1
Subhadip sasmal,0.01374,884,-0.00490,1081,-197,1
Manoj Kumar,0.01367,885,0.01554,883,2,1
Sebastian Lindskog,0.01307,886,0.02123,849,37,1
fsociety,0.01298,887,0.03160,781,106,3
Adam Dostie,0.01253,888,0.03265,769,119,1
Dilki Madara,0.01245,889,0.02376,839,50,1
Kawa,0.01154,890,0.02068,853,37,5
Happyman-98,0.01095,891,0.04003,704,187,6
Ditiro Letsoalo,0.01066,892,0.00765,911,-19,4
Kilian Til 2,0.01065,893,-0.00588,1083,-190,1
coc1 id,0.01055,894,0.02229,847,47,5
Leo Weiye Li,0.01053,895,0.01551,884,11,1
ManhNguyen315,0.01047,896,0.04030,701,195,5
vivekjoshi556,0.01045,897,0.02723,812,85,1
icfire_21,0.01024,898,0.00994,905,-7,2
Conor McMullan,0.00992,899,0.00427,924,-25,5
Eko_zzh,0.00957,900,0.03046,786,114,10
Hansen Zhong,0.00953,901,0.01700,876,25,2
Yany,0.00929,902,0.00123,970,-68,2
Lex K,0.00929,903,0.00123,971,-68,2
Yixuan Jing,0.00921,904,0.02366,843,61,8
ri-ri,0.00842,905,0.01673,878,27,6
Qing Zhe,0.00808,906,0.05078,570,336,2
souvik chand,0.00791,907,0.01392,893,14,1
ABIODUN TIAMIYU,0.00782,908,0.01997,857,51,1
Vishal Painjane,0.00781,909,0.00161,958,-49,2
Sude Soylemez,0.00779,910,0.02532,829,81,1
Phan Manh,0.00745,911,0.02361,844,67,5
"Kawahara, Taishi",0.00718,912,0.01376,895,17,1
JuanMEQ,0.00705,913,-0.00954,1084,-171,1
Mahabub Alahi Atik,0.00624,914,0.06548,325,589,2
TTT,0.00580,915,0.01851,867,48,2
insuperabile,0.00566,916,0.00471,918,-2,1
WRebelZ,0.00537,917,0.00083,982,-65,5
Mahboob Biswas,0.00535,918,0.03228,774,144,1
Luca Brilhaus,0.00504,919,0.01771,870,49,1
Mahmoud Elshahed,0.00428,920,0.00066,987,-67,1
Peter Nemeth,0.00421,921,0.03458,751,170,1
Tao Xu,0.00391,922,-0.00072,1025,-103,4
Nibirou,0.00365,923,0.00019,994,-71,3
REMEY,0.00349,924,0.00091,977,-53,2
younan iskander,0.00334,925,0.01493,888,37,2
piiikiu,0.00314,926,0.01768,871,55,7
LizzyKG,0.00307,927,0.03025,790,137,1
SiuHang Ip,0.00306,928,-0.00169,1066,-138,1
visionglass,0.00301,929,0.00255,939,-10,1
Nohim Jayasinghe,0.00299,930,0.00316,930,0,3
Tumz,0.00285,931,0.00172,950,-19,1
Luoshu Lee,0.00284,932,-0.00113,1063,-131,19
YassY_The_AlchemYst,0.00279,933,0.00053,989,-56,4
Light&Thunder,0.00261,934,-0.00027,1008,-74,4
[Deleted] a2c6609e-716b-446e-a1f3-0ab116862a61,0.00254,935,0.00221,942,-7,6
matthewhcmok,0.00250,936,-0.00060,1020,-84,5
saiyadri,0.00249,937,-0.00342,1079,-142,1
Elliot Alderson,0.00244,938,0.00603,915,23,2
Will,0.00241,939,0.02448,837,102,5
wc,0.00234,940,0.00330,928,12,10
[Deleted] d9b868e1-28c5-4e41-a58f-40c94648a742,0.00232,941,-0.00178,1069,-128,1
dixita mendpara,0.00227,942,0.00125,969,-27,1
ken0819,0.00227,943,0.00044,991,-48,8
ken19970819,0.00226,944,-0.00024,1006,-62,5
DeepThought,0.00220,945,-0.00025,1007,-62,1
Venkata Skandha Varma R,0.00210,946,0.00199,944,2,6
Kyle,0.00210,947,0.00066,986,-39,10
William Nelson,0.00207,948,-0.00106,1061,-113,10
Colton Jones,0.00203,949,0.00021,993,-44,5
Arvind,0.00179,950,0.00149,960,-10,1
Aminah Mir,0.00172,951,0.00077,984,-33,9
Alpha Im Coming,0.00167,952,-0.00105,1060,-108,2
Phoenix,0.00157,953,0.00189,946,7,2
Volatility Surfs,0.00156,954,0.00036,992,-38,4
VINNNNNCI,0.00151,955,-0.00088,1035,-80,5
ace366fbbf7,0.00149,956,0.00266,936,20,1
Maliha Mir,0.00147,957,0.00077,985,-28,5
Jessica Zhu,0.00125,958,-0.00013,1001,-43,5
Divya2122,0.00121,959,0.03363,757,202,3
dreamer,0.00117,960,0.00122,972,-12,2
ChebbyChefNEQ,0.00115,961,0.00144,961,0,3
Jeffery Gao,0.00111,962,0.00085,981,-19,1
SAMUEL MAJJI,0.00110,963,-0.00259,1076,-113,1
PPxxxl,0.00108,964,0.00226,941,23,3
Martin Ho,0.00101,965,-0.00172,1068,-103,8
ML_Master,0.00090,966,0.00153,959,7,4
rain on the train,0.00090,967,0.00096,975,-8,5
Vignesh21TUIT155,0.00089,968,0.00439,922,46,6
Panuwat.S,0.00087,969,0.00106,974,-5,1
Prateek Kiran Mallick,0.00087,970,0.01559,882,88,2
Billys Ciprian2,0.00083,971,0.00409,926,45,5
Awais_WolfAce,0.00080,972,-0.00070,1023,-51,3
Roshani Yogaraja,0.00075,973,-0.00220,1074,-101,5
babakara,0.00063,974,-0.00197,1072,-98,1
Youssef ES-SAAIDI,0.00062,975,0.04820,604,371,3
Neverland,0.00060,976,-0.00413,1080,-104,1
Yao Class Hunter,0.00059,977,0.00122,973,4,3
wangliang9274,0.00058,978,0.00239,940,38,1
Chris Coovrey,0.00047,979,0.00143,962,17,2
Ashder Karim,0.00041,980,0.00126,968,12,1
Gabriel,0.00040,981,0.00290,934,47,2
Warriors Long,0.00034,982,0.00198,945,37,5
Kunalan subatharan,0.00028,983,-0.00072,1024,-41,4
Idrissa M Dicko,0.00021,984,0.00500,916,68,4
Jay Patel #3,0.00014,985,0.00089,979,6,1
Nguyễn Phương Thảo,0.00009,986,0.00306,931,55,4
Dragos Stefan Mihalcea,0.00005,987,-0.00021,1005,-18,2
Abhinaba Ghosh,0.00002,988,-0.00182,1070,-82,1
Raj Pratap Singh 08,0.00000,989,0.00000,999,-10,3
KrrishChoudhary109,-0.00004,990,0.00188,948,42,2
yuki #2,-0.00005,991,-0.00029,1009,-18,2
Sarkar Sagar,-0.00014,992,-0.00032,1015,-23,1
yyw8408,-0.00015,993,0.00058,988,5,3
Menglei Sun,-0.00017,994,-0.00103,1059,-65,1
李柏憲Steven,-0.00036,995,-0.00031,1014,-19,5
KgaboSephesu,-0.00036,996,0.00139,964,32,1
Quan Nguyen,-0.00040,997,0.00085,980,17,5
anirudh Siwach,-0.00047,998,0.00003,997,1,2
Anwiketh Reddy,-0.00048,999,0.00003,998,1,1
Ichigo_E,-0.00052,1000,-0.00041,1017,-17,5
Giovanni Luis Crocioni,-0.00053,1001,-0.00267,1077,-76,2
Ziyang Ni,-0.00064,1002,-0.00242,1075,-73,3
Felix Wernlein,-0.00069,1003,0.00211,943,60,4
TOBI OJEBIYI,-0.00070,1004,0.00133,966,38,6
Jonathan Jinzhao Yang,-0.00086,1005,0.00047,990,15,1
libo202109,-0.00088,1006,-0.00089,1036,-30,2
Prakhar Soni,-0.00089,1007,0.02028,856,151,1
OVERFITTERS,-0.00089,1008,0.00135,965,43,4
w_mb1_2000,-0.00103,1009,0.00295,933,76,1
Shamith/Pasidu,-0.00104,1010,0.00189,947,63,1
KDQuant,-0.00125,1011,0.00417,925,86,2
Miaomiao08,-0.00126,1012,-0.00113,1064,-52,1
HelenLiu_,-0.00126,1013,-0.00016,1002,11,1
Stephen_H666,-0.00127,1014,-0.00052,1018,-4,4
菠萝,-0.00140,1015,0.00015,995,20,1
Chenxi2003,-0.00142,1016,-0.00063,1021,-5,1
The Great Brian,-0.00143,1017,-0.00107,1062,-45,1
ducknew,-0.00145,1018,0.00091,978,40,6
Raymussen Arthur,-0.00156,1019,0.00127,967,52,1
David Lee,-0.00158,1020,-0.00138,1065,-45,1
Freddie Fan,-0.00163,1021,-0.00100,1056,-35,2
twocatycm,-0.00163,1022,0.01737,873,149,3
Dhruvin99,-0.00169,1023,0.00493,917,106,1
Fabbasso,-0.00169,1024,0.00329,929,95,1
JIMMYhuang03,-0.00173,1025,0.00140,963,62,6
Taylor Y Jia,-0.00183,1026,0.00095,976,50,2
Austin Lay,-0.00184,1027,-0.00096,1050,-23,5
Sachin Kumar,-0.00184,1028,-0.00082,1027,1,7
Landon Cummings1,-0.00187,1029,-0.00083,1029,0,3
good,-0.00187,1030,-0.00083,1030,0,5
Dmitry Sirenchenko,-0.00187,1031,-0.00083,1031,0,2
U023,-0.00187,1032,-0.00083,1032,0,1
J&C,-0.00187,1033,-0.00083,1033,0,1
Octavi Grau,-0.00187,1034,-0.00083,1034,0,3
JNL,-0.00187,1035,-0.00017,1004,31,4
Muhammad Syazwan,-0.00196,1036,-0.00009,1000,36,1
jason,-0.00200,1037,-0.00030,1013,24,3
Niclo,-0.00204,1038,-0.00030,1010,28,1
yuki16,-0.00204,1039,-0.00030,1011,28,2
kaggle6,-0.00204,1040,-0.00030,1012,28,1
ekozzh1k,-0.00204,1041,-0.00016,1003,38,3
Giovanni Marco Dall'Olio,-0.00210,1042,0.00006,996,46,1
NikiMath,-0.00210,1043,0.00356,927,116,1
YUNTIAN YANG,-0.00216,1044,-0.00082,1026,18,1
Hudi123,-0.00217,1045,-0.00083,1028,17,1
Margot ZHAO,-0.00227,1046,-0.00096,1053,-7,2
Rian Atri,-0.00227,1047,-0.00096,1052,-5,1
Aishwarya_PS_2006,-0.00227,1048,-0.00096,1044,4,1
Merlin WSY,-0.00227,1049,-0.00096,1045,4,1
Bryan Dang,-0.00227,1050,-0.00096,1046,4,1
mayor_nasok,-0.00227,1051,-0.00096,1047,4,1
Srihith Chennareddy,-0.00227,1052,-0.00096,1048,4,3
Lyu jinhao,-0.00227,1053,-0.00096,1049,4,1
ax0080,-0.00227,1054,-0.00096,1051,3,1
Nicholas Charland,-0.00227,1055,-0.00096,1039,16,1
Athi,-0.00227,1056,-0.00096,1040,16,1
RJayshree,-0.00227,1057,-0.00096,1041,16,2
Alyan Haider,-0.00227,1058,-0.00096,1042,16,2
ishita bahamnia,-0.00227,1059,-0.00096,1043,16,1
Travis3160423,-0.00232,1060,-0.00093,1037,23,1
George,-0.00233,1061,-0.00282,1078,-17,1
jinghong liu,-0.00234,1062,-0.00100,1055,7,1
Aliffa Agnur,-0.00234,1063,-0.00100,1057,6,1
AnthonyTherrien,-0.00234,1064,-0.00100,1058,6,1
Jingqiang Li,-0.00240,1065,-0.00058,1019,46,1
[Deleted] b31bfa32-3da8-4c0c-aade-c640193225d7,-0.00241,1066,-0.00063,1022,44,1
Aleksandr Storchak,-0.00249,1067,0.00077,983,84,1
Youssif Abozaid,-0.00250,1068,-0.00099,1054,14,1
Mikey Marszewski,-0.00259,1069,0.00170,952,117,1
Ayush sq,-0.00259,1070,0.00170,951,119,1
qianbao hou,-0.00259,1071,0.00170,956,115,1
quantju,-0.00259,1072,0.00170,957,115,1
Pav Nasipudi,-0.00259,1073,0.00170,953,120,2
BeliverIN123,-0.00259,1074,0.00170,954,120,1
LEO157,-0.00259,1075,0.00170,955,120,1
Xiangyuan Mo,-0.00264,1076,0.00431,923,153,3
Androw Yang,-0.00270,1077,-0.00170,1067,10,1
Fred Nesti,-0.00286,1078,-0.00199,1073,5,2
Emily Hu,-0.00297,1079,0.04210,686,393,3
ALEX Tsttai,-0.00300,1080,0.00263,937,143,1
Jackal Jeff,-0.00301,1081,-0.00987,1085,-4,1
Jackson You,-0.00336,1082,-0.00039,1016,66,1
Faryal Rifaz,-0.00532,1083,-0.02224,1086,-3,1
QADMMY,-0.00713,1084,0.03254,772,312,2
PEIKAI,-0.00897,1085,0.00863,908,177,2
Noirclerc,-0.01085,1086,0.00720,912,174,1
Nader Hosseini Naghavi,-0.01424,1087,0.01754,872,215,1
[Deleted] d250c0e9-5fd1-426a-9ce1-485e54ede12b,-1.00000,1088,-1.00000,1088,0,2
[Deleted] f57bc27e-7a43-4fb4-a729-e29553296061,-1.00000,1089,-1.00000,1089,0,3
Krishna Dubey,-1.00000,1090,-1.00000,1090,0,1
I.Srinadha Reddy ,-1.00000,1091,-1.00000,1091,0,1
