teamName,privateScore,privateRank,publicScore,publicRank,rankDiff,attempts
Tony271YnoT,0.13959,1,0.12914,37,36,31
Farukcan Saglam,0.11682,2,0.16335,1,-1,10
WangCai,0.11663,3,0.11864,84,81,23
Chirag Mc,0.11474,4,0.10703,140,136,11
MLFINANCE,0.11116,5,0.12806,40,35,30
KIT,0.10999,6,0.14592,16,10,8
allforfirefly,0.10993,7,0.10513,168,161,35
Bearspaw bros,0.10914,8,0.11310,106,98,17
Hitha arun,0.10824,9,0.11233,110,101,10
Tifyy,0.10706,10,0.14030,28,18,24
Thian Liang,0.10664,11,0.10653,144,133,66
reboot is all you need,0.10630,12,0.09397,259,247,30
NO HACK NO LEAK,0.10575,13,0.12543,51,38,30
Jack Puccini,0.10527,14,0.06402,527,513,2
karam,0.10474,15,0.11310,107,92,5
for ulas!,0.10439,16,0.11321,104,88,101
[Deleted] 3fdddb09-dd10-454d-8e42-8937be34bf93,0.10402,17,0.11311,105,88,77
Tan_T64,0.10370,18,0.10406,181,163,1
Rafał Pawłowski,0.10284,19,0.16228,2,-17,53
[Deleted] 58ba7789-b89f-473c-9414-77c9ddb15ff8,0.10269,20,0.11969,82,62,11
NN,0.10239,21,0.16212,3,-18,38
Sephiria,0.10125,22,0.14758,15,-7,17
DanteTheAbstract,0.10105,23,0.09862,223,200,1
BOOBA,0.10042,24,0.11978,81,57,8
B10702052,0.10037,25,0.09580,249,224,27
ACoder,0.09982,26,0.12778,43,17,122
Squat,0.09962,27,0.14801,13,-14,2
HL An,0.09917,28,0.09112,276,248,1
none null none,0.09836,29,0.11034,125,96,22
GUOHAOYANG,0.09824,30,0.12563,50,20,30
judian680,0.09722,31,0.11168,113,82,18
cpchen8888,0.09663,32,0.08140,364,332,1
paperxd,0.09629,33,0.15852,4,-29,73
DRW GO GO GO!,0.09580,34,0.12961,36,2,38
Loop 4ever,0.09533,35,0.12878,38,3,16
nycquant,0.09514,36,0.12819,39,3,18
Muhammad,0.09491,37,0.07210,452,415,54
NB,0.09484,38,0.12788,41,3,35
Tanghulu,0.09484,39,0.12788,42,3,5
KYP,0.09454,40,0.07329,437,397,9
kKevink,0.09404,41,0.10493,171,130,16
D4nilZ,0.09402,42,0.08566,324,282,6
Voooolt,0.09385,43,0.10229,196,153,57
ABCXYZ,0.09381,44,0.12652,46,2,36
Alex Zhongs,0.09367,45,0.12402,61,16,49
Zeta1n,0.09356,46,0.12676,44,-2,77
ZSTJY,0.09325,47,0.12648,47,0,53
Ioannis Pantidis,0.09322,48,0.12220,68,20,15
Sergey,0.09291,49,0.08720,306,257,9
Blend all publics,0.09281,50,0.12606,49,-1,49
Crypto Machine,0.09262,51,0.12632,48,-3,29
Aaditya Meghrajani,0.09245,52,0.05754,590,538,24
SHyeon99,0.09245,53,0.08546,327,274,18
Vlad_Training,0.09237,54,0.04795,684,630,4
ResCV,0.09217,55,0.12536,52,-3,71
Ultraman,0.09207,56,0.08065,370,314,4
thirdxiaohao！,0.09195,57,0.10526,165,108,30
Mingjun Wu,0.09195,58,0.12503,55,-3,26
random preds,0.09179,59,0.12507,53,-6,48
MJ Kim,0.09176,60,0.12506,54,-6,59
smilepto,0.09170,61,0.12491,56,-5,75
Teslearn,0.09164,62,0.12488,57,-5,58
Donovan Ray,0.09161,63,0.05777,585,522,13
Just overfit it!,0.09154,64,0.12468,58,-6,32
Tianyun Jiang 0605,0.09134,65,0.10507,170,105,23
cat_robot_22,0.09122,66,0.12407,60,-6,30
Meme,0.09118,67,0.12426,59,-8,41
LQA,0.09096,68,0.07995,385,317,15
Crypto Crushers,0.09093,69,0.10515,167,98,39
没主人的公狗,0.09081,70,0.11744,85,15,32
MrsHope,0.09079,71,0.09510,253,182,10
Adamsun95,0.09061,72,0.12319,63,-9,56
Goose-Arse,0.09043,73,0.09771,231,158,7
KHN Long,0.09021,74,0.12314,64,-10,59
Yuheng Jia,0.08999,75,0.09429,257,182,18
Centmils,0.08997,76,0.12297,65,-11,32
CryptoMiners,0.08992,77,0.12210,69,-8,22
[Deleted] 927a8f99-d97f-4fd7-adc1-67a5aa3c8b06,0.08987,78,0.07055,468,390,3
Hao Guan,0.08987,79,0.09419,258,179,8
randomtile,0.08971,80,0.13240,35,-45,71
Rocks,0.08967,81,0.12258,66,-15,44
Cui Danyao,0.08958,82,0.08328,350,268,7
Elieazer Maru,0.08946,83,0.06738,497,414,9
Sedat GOLGİYAZ,0.08925,84,0.12665,45,-39,51
YannFb,0.08904,85,0.09760,233,148,36
little_gold_fish,0.08903,86,0.07373,435,349,14
friyuval,0.08896,87,0.08548,326,239,8
Hmmm,0.08876,88,0.07013,471,383,3
HaoyuSun9983,0.08873,89,0.12159,73,-16,50
Apex,0.08857,90,0.12124,75,-15,12
DRW-CRYPTO,0.08845,91,0.12026,78,-13,54
Team Name,0.08804,92,0.12073,76,-16,65
Phương Nguyễn Việt,0.08785,93,0.07111,463,370,10
aaaowoaaa,0.08771,94,0.09865,222,128,22
Rowan,0.08768,95,0.11949,83,-12,9
Vlad Vieru,0.08760,96,0.07395,431,335,4
XingYe02,0.08737,97,0.08571,323,226,13
Bửu Phạm Quốc,0.08732,98,0.08584,322,224,4
ducnh279,0.08720,99,0.08791,298,199,27
FaizaanGagan,0.08705,100,0.06948,475,375,11
cckaij123,0.08674,101,0.07713,414,313,12
Ern711,0.08630,102,0.09296,269,167,37
079,0.08583,103,0.08518,332,229,12
Evgeny Chubchev,0.08558,104,0.04635,701,597,8
kaijyin,0.08553,105,0.07713,413,308,14
Li JUN YAN RE,0.08531,106,0.10675,142,36,20
Fin_AI,0.08528,107,0.12242,67,-40,55
RollerCoaster,0.08524,108,0.07160,459,351,4
Arthur Garon #2,0.08493,109,0.07080,466,357,1
Matthew Thomas,0.08485,110,0.08646,317,207,13
Jackson Fenner,0.08483,111,0.11252,109,-2,54
easonyanyan,0.08475,112,0.05405,627,515,10
Wendi OUYANG,0.08472,113,0.08406,342,229,13
G.O.D is REAL,0.08463,114,0.11482,95,-19,38
J.B.,0.08439,115,0.10128,201,86,51
katoue,0.08412,116,0.04756,689,573,2
Nandini Wadhwa,0.08402,117,0.07761,409,292,7
Sarah Jeffreson,0.08359,118,0.12350,62,-56,46
skaak,0.08359,119,0.06568,512,393,33
anotherone1211,0.08357,120,0.07016,470,350,2
Monicachen721,0.08354,121,0.14187,24,-97,32
Lina,0.08315,122,0.07190,456,334,1
kueno,0.08305,123,0.10605,148,25,17
hiu,0.08297,124,0.07929,394,270,11
TKM1253,0.08277,125,0.06961,473,348,2
mnonaka3,0.08276,126,0.06960,474,348,2
esz poi,0.08271,127,0.06206,542,415,2
DeusNeo ,0.08241,128,0.11044,124,-4,62
Avinash Yadav,0.08236,129,0.04671,697,568,2
For the Emperor,0.08230,130,0.05858,577,447,4
15,0.08229,131,0.07652,419,288,2
Ayush Savaliya,0.08193,132,0.09012,284,152,23
[Deleted] 5a4459aa-1140-4da9-8c87-ac7c359c4349,0.08193,133,0.11584,87,-46,18
azarther,0.08190,134,0.07778,407,273,12
martin yip,0.08187,135,0.09154,274,139,63
persil,0.08158,136,0.07109,464,328,7
Vroun,0.08129,137,0.10058,207,70,23
dorian,0.08106,138,0.08622,318,180,20
Nadia TRIKI,0.08062,139,0.07923,395,256,3
LOSTCOMP,0.08060,140,0.08343,348,208,48
ArthurXjtu,0.08052,141,0.07471,430,289,3
[Deleted] 8b9e007c-bf0a-46e4-85f5-2047afe10515,0.08013,142,0.15189,6,-136,69
Billys J Ciprian,0.08012,143,0.06921,480,337,12
JWLINi,0.08007,144,0.11503,94,-50,39
Jimmy Wang,0.08005,145,0.10275,193,48,32
Joseph Shih 0912,0.07978,146,0.07850,399,253,16
Overvalue Awareness,0.07951,147,0.10481,173,26,36
Tencyfy,0.07943,148,0.09839,226,78,17
prash4nt,0.07931,149,0.07887,398,249,8
Alp Potuk,0.07911,150,0.10280,192,42,6
Fallen_Knight576,0.07910,151,0.05694,594,443,5
MoMoRoRR,0.07906,152,0.09112,277,125,3
Linstyle,0.07903,153,0.11504,93,-60,42
Josip Vukušić,0.07871,154,0.09873,220,66,18
Eriko,0.07845,155,0.08525,329,174,5
DRWupupup,0.07833,156,0.10117,202,46,14
MICADEE,0.07833,157,0.06448,523,366,7
TomoyaM,0.07829,158,0.06829,487,329,8
SCRIPTCHEF,0.07819,159,0.08652,316,157,28
Dunyuan Zha,0.07815,160,0.10000,208,48,21
Qianhao Zhang,0.07807,161,0.09335,268,107,4
The order of the test rows 2,0.07789,162,0.09504,255,93,59
Ubayd & Marcus,0.07783,163,0.10744,136,-27,34
helplight,0.07780,164,0.07832,402,238,5
aurora3333,0.07774,165,0.04536,708,543,9
FuzzyLazy,0.07757,166,0.06315,533,367,28
FML,0.07723,167,0.07973,387,220,11
Amos Fang,0.07718,168,0.07621,422,254,1
Apocalypse,0.07700,169,0.09873,221,52,1
InterviewUs,0.07695,170,0.05271,639,469,6
SullyCastro,0.07656,171,0.08768,305,134,31
Qamar math,0.07647,172,0.09906,219,47,71
OrigiDiv,0.07641,173,0.07846,400,227,20
Rikuto MORI,0.07640,174,0.07827,403,229,6
Ayaka Kirima,0.07612,175,0.09851,224,49,7
Nick Mo1243,0.07604,176,0.09766,232,56,8
[Deleted] 62527694-e1b4-410c-b7d2-2013eb32e9e4,0.07588,177,0.15201,5,-172,19
o_O,0.07587,178,0.09064,281,103,7
jieming kong,0.07587,179,0.10526,164,-15,2
jiang tianyun,0.07584,180,0.08837,293,113,10
Rafael Ayllón Gavilán,0.07573,181,0.06676,501,320,2
Mr Unix Server,0.07562,182,0.12210,71,-111,64
Bright,0.07560,183,0.06464,522,339,14
chisquared,0.07557,184,0.09738,235,51,7
JordanYHChan,0.07552,185,0.09180,272,87,39
ricecooker,0.07524,186,0.12210,70,-116,31
Angus King,0.07510,187,0.08287,355,168,10
Hare & Koala,0.07498,188,0.10631,145,-43,16
[Deleted] 9e84c012-596c-41dd-b7b0-83d87a9762b0,0.07495,189,0.14758,14,-175,20
hbht03,0.07493,190,0.07942,392,202,2
[Deleted] de0ec741-c11f-4dcc-9b2b-e71f4a4bfa50,0.07484,191,0.13853,30,-161,9
giras,0.07479,192,0.06797,491,299,12
Sadık Kaçakçı,0.07446,193,0.05939,565,372,2
shih_3333,0.07438,194,0.10436,177,-17,6
Xiaojian Gao,0.07423,195,0.12062,77,-118,33
Jamal Saeedi,0.07405,196,0.08780,302,106,20
TruthMiner,0.07392,197,0.05169,649,452,7
qiqi1996amelia,0.07377,198,0.07749,411,213,5
mohsen2050,0.07366,199,0.11233,111,-88,80
Alseth,0.07364,200,0.03657,773,573,4
NikitaChurkin (clean sub),0.07346,201,0.10336,187,-14,32
Michal Krpata,0.07343,202,0.09908,217,15,7
Math Island,0.07325,203,0.13277,34,-169,77
GameQuiter,0.07323,204,0.09847,225,21,21
FuyuhiMa,0.07320,205,0.06088,549,344,9
Feature Master,0.07293,206,0.12017,79,-127,48
EthanD,0.07284,207,0.06392,528,321,6
yehqysns,0.07274,208,0.07058,467,259,3
noobs,0.07261,209,0.07052,469,260,5
maria merino,0.07253,210,0.06629,508,298,2
AVERMA1,0.07246,211,0.08662,312,101,6
mkeriy,0.07243,212,0.08044,371,159,7
Mandy Zhang,0.07237,213,0.07375,433,220,5
Mahdi Ravaghi,0.07214,214,0.06511,514,300,8
turtle,0.07213,215,0.07292,440,225,8
Semyon Epanov,0.07204,216,0.07225,447,231,3
Xuehui Liu,0.07198,217,0.07304,439,222,2
[Deleted] 73ecdf48-3d03-4637-8ec5-0521f8950399,0.07194,218,0.11525,91,-127,1
[Deleted] 391c89ea-a7b0-4d60-a146-6d3f2bbfbf13,0.07194,219,0.11556,89,-130,15
SeminLee(Leo Lee),0.07187,220,0.04968,659,439,6
Artur M,0.07186,221,0.07211,451,230,5
Japmunk,0.07174,222,0.10558,154,-68,19
哈基米 and 米基哈,0.07173,223,0.11556,90,-133,4
[Deleted] 3a795ff4-b8eb-4acf-a45d-3368b8d835bb,0.07166,224,0.14083,26,-198,13
Dr. T,0.07164,225,0.10747,135,-90,8
WarpGBM,0.07140,226,0.07191,455,229,6
Rachel,0.07134,227,0.06331,531,304,3
Jialiang Zhou,0.07129,228,0.06200,543,315,4
KoNaDOPT,0.07126,229,0.05977,561,332,8
Jeevesh Banchhor,0.07124,230,0.06275,537,307,10
Lennart Haupts,0.07113,231,0.09210,271,40,42
polysnep,0.07101,232,0.05215,645,413,16
peter,0.07094,233,0.07994,386,153,33
WindClimber,0.07090,234,0.07289,441,207,14
Istri Baik,0.07084,235,0.11369,102,-133,21
yassir limouri,0.07076,236,0.06502,515,279,4
Kemal Kılıçaslan,0.07057,237,0.05840,579,342,22
[Deleted] f178ee42-e0ff-412c-ad38-507c6e95efec,0.07055,238,0.14269,23,-215,9
pub pubpub,0.07046,239,0.06046,556,317,2
Yuyang Wu,0.07043,240,0.10356,185,-55,7
Piyoosh Srivastava,0.07030,241,0.05572,610,369,17
RMMJ,0.07027,242,0.05388,630,388,5
Clean submission,0.07024,243,0.15189,7,-236,66
Zongxi Qiu,0.07018,244,0.07108,465,221,5
igeorgegabriel,0.07008,245,0.06727,498,253,23
XAI_BRMC,0.07005,246,0.06642,507,261,7
Tiantian:),0.07003,247,0.06063,553,306,3
ZULQAR.,0.06979,248,0.05622,603,355,5
WANGLE66,0.06971,249,0.04513,712,463,1
Bernat Cots Sesmilo,0.06963,250,0.10726,138,-112,22
zzz,0.06961,251,0.08662,313,62,10
Joel Alves,0.06955,252,0.07354,436,184,9
[Deleted] 842176c8-a0b9-45bc-8536-958c1075909e,0.06947,253,0.14504,18,-235,74
Curtis,0.06943,254,0.09576,251,-3,23
Mr RRR,0.06940,255,0.07172,458,203,6
[Deleted] 9d6c0505-0447-40e7-9ea1-94da80bab867,0.06931,256,0.14340,21,-235,67
[Deleted] 919e4bd6-28ec-458a-a5df-0898ff4d6d3a,0.06915,257,0.14343,20,-237,4
Reg Edwards,0.06908,258,0.06412,526,268,10
BigdataW,0.06892,259,0.07253,445,186,1
Jay Salvi,0.06886,260,0.06318,532,272,12
[Deleted] 06d48ee8-b3fd-4b1c-a981-1547244cd186,0.06869,261,0.09105,278,17,5
Junhan Zhang,0.06867,262,0.07250,446,184,10
[Deleted] eecdd588-2436-4b40-b1ec-3e1a73ef2334,0.06863,263,0.14105,25,-238,51
last_la_yaru_winner,0.06860,264,0.10866,130,-134,20
[Deleted] 80e23d45-1cec-42e6-a9c0-45157de56fcc,0.06860,265,0.10866,131,-134,7
[Deleted] 88fb3dae-4e39-4e56-a966-cb6727139c2d,0.06860,266,0.14349,19,-247,4
DannyDog1227,0.06858,267,0.07260,444,177,24
gne931,0.06856,268,0.02879,800,532,2
Sigma Algebra,0.06852,269,0.10418,179,-90,8
hjhhjjj,0.06837,270,0.10563,153,-117,4
PK1221KP,0.06835,271,0.06694,499,228,3
kjkjkji,0.06830,272,0.05011,658,386,5
Mudit Gaur,0.06827,273,0.09982,212,-61,3
Jack,0.06822,274,0.10690,141,-133,29
christopher obuchere,0.06811,275,0.07199,454,179,26
He Yuanyang723,0.06808,276,0.09626,248,-28,47
灵感古力古力哇擦,0.06804,277,0.10711,139,-138,15
Rhodes Island,0.06801,278,0.08105,369,91,18
CHSTO,0.06792,279,0.05924,569,290,3
theghost,0.06780,280,0.10508,169,-111,22
Kirderf,0.06770,281,0.04136,735,454,6
Taaran,0.06758,282,0.07699,415,133,11
Creeon,0.06751,283,0.06580,510,227,10
cwang900726,0.06742,284,0.05406,626,342,5
John Annis,0.06742,285,0.09907,218,-67,7
Jianhui0706,0.06741,286,0.08275,356,70,9
Elias Roubache,0.06736,287,0.08129,367,80,7
yuanyang he,0.06734,288,0.09575,252,-36,21
YEZIHAN,0.06733,289,0.09349,262,-27,21
SergeiTikhonovUT,0.06733,290,0.10418,180,-110,4
SunSky-He,0.06724,291,0.11341,103,-188,15
Ronit Das,0.06710,292,0.03689,770,478,6
💥Boom💥,0.06708,293,0.05781,584,291,8
Growingduck,0.06702,294,0.06419,525,231,6
papayiv,0.06691,295,0.04794,685,390,6
Artificial Gains,0.06682,296,0.05784,583,287,15
Jayanti Khandavilli,0.06677,297,0.05904,575,278,51
[Deleted] b56b0d61-2df5-486d-9498-cf588a35faad,0.06674,298,0.15066,10,-288,43
zhongtian,0.06671,299,0.06491,517,218,31
[Deleted] a525f7d5-ec5a-4645-aef6-df491968c3f7,0.06668,300,0.10654,143,-157,7
Mir,0.06644,301,0.10344,186,-115,37
[Deleted] 7c9985c3-9f02-41c5-9343-bcf717634534,0.06643,302,0.14317,22,-280,62
Nguyen,0.06642,303,0.11558,88,-215,5
L.lawliet_12345,0.06639,304,0.10133,200,-104,27
Paritosh Kumar Tripathi,0.06628,305,0.07324,438,133,1
QinglongLi,0.06622,306,0.10952,127,-179,3
Hebedoglover,0.06622,307,0.14075,27,-280,44
Snow Yan,0.06617,308,0.05664,599,291,11
herry,0.06613,309,0.09508,254,-55,19
Harsh Malgatte,0.06606,310,0.10552,159,-151,32
Guilherme Santos,0.06603,311,0.05041,657,346,4
FEFE,0.06602,312,0.05333,637,325,5
my submissions are clean,0.06601,313,0.13299,33,-280,4
Daaaaaan,0.06597,314,0.10420,178,-136,3
[Deleted] 5ceda42d-576c-4f59-a073-1bdb6c3d6294,0.06592,315,0.13798,32,-283,5
Mike Dean,0.06588,316,0.11467,96,-220,10
Shaozhe Hao,0.06588,317,0.11467,97,-220,35
Luke Kennedy,0.06577,318,0.09982,209,-109,26
Sheyda Asadi,0.06577,319,0.09982,210,-109,5
wuliao_0,0.06577,320,0.09982,211,-109,2
Bassil Bassiouny,0.06577,321,0.09982,213,-108,3
Edmund870,0.06567,322,0.10221,197,-125,21
Not_Null,0.06553,323,0.08451,339,16,12
XuFei Lu,0.06550,324,0.05250,641,317,1
Mahabub Alahi Atik,0.06548,325,0.00624,914,589,2
Zhaoli Cao,0.06548,326,0.10548,160,-166,3
Ricky The Ising,0.06547,327,0.08371,345,18,9
Matej Kamenicky,0.06515,328,0.04916,668,340,12
József Molnos,0.06514,329,0.07759,410,81,4
[Deleted] e45aed0c-ad99-428f-9b46-89ba84409351,0.06510,330,0.11118,116,-214,59
muji,0.06509,331,0.06665,502,171,7
Alexander Ershov,0.06508,332,0.07203,453,121,12
Cartethyia,0.06504,333,0.09339,266,-67,8
TG,0.06482,334,0.05374,632,298,2
mangolalala,0.06480,335,0.07948,390,55,2
NicoleLF,0.06457,336,0.11101,118,-218,35
ph_one1,0.06450,337,0.04954,665,328,6
Noob Quant Traders,0.06449,338,0.06010,558,220,29
yuz0101,0.06445,339,0.07717,412,73,3
Data Team,0.06434,340,0.11306,108,-232,28
linkedin.com/in/terence-siu,0.06420,341,0.10590,149,-192,43
Ahmed Osman,0.06400,342,0.10738,137,-205,64
yone huang,0.06388,343,0.04315,724,381,2
Миллионы Лет Овуляции (MLOps),0.06380,344,0.09037,283,-61,16
hanyi,0.06379,345,0.04901,670,325,6
FUWA,0.06379,346,0.05682,596,250,5
BEJJALA Mani Sai Teja,0.06343,347,0.07798,405,58,51
John Mitchell,0.06331,348,0.08032,380,32,9
seowoohyeon,0.06317,349,0.09084,279,-70,5
Evgeniy Molozhenko,0.06302,350,0.08220,359,9,12
Mokhithraa,0.06300,351,0.10232,195,-156,2
W,0.06288,352,0.05766,587,235,5
yangdon tshering,0.06286,353,0.10533,163,-190,54
MINGJIE ZHANG0621,0.06267,354,0.06616,509,155,5
caichequming,0.06266,355,0.08773,303,-52,3
entro1024,0.06266,356,0.08773,304,-52,6
Arpit Yadav,0.06257,357,0.10195,199,-158,4
Meet Babariya,0.06248,358,0.11128,114,-244,14
Sunshine Rainbow White Pony,0.06246,359,0.08291,354,-5,4
YiranSun0921,0.06236,360,0.04768,688,328,3
Larry Wang,0.06225,361,0.10578,150,-211,1
Sai Adhithya,0.06220,362,0.07131,460,98,2
guo wei,0.06219,363,0.10521,166,-197,5
Unicorn,0.06218,364,0.11056,123,-241,20
CapitainData,0.06212,365,0.08113,368,3,7
Aruansh Khare,0.06212,366,0.09973,215,-151,5
Diamond Hands,0.06211,367,0.05534,615,248,23
Chengzhuo Zhang,0.06211,368,0.09753,234,-134,1
Gaaiyun,0.06207,369,0.10361,184,-185,4
heigaga,0.06193,370,0.08369,346,-24,17
jdcl945,0.06192,371,0.11518,92,-279,74
Rola Islait,0.06189,372,0.06053,554,182,1
GAMECHR,0.06182,373,0.10555,155,-218,37
Blue kangaroo,0.06182,374,0.10555,156,-218,4
TS1989,0.06182,375,0.10555,157,-218,2
Riri,0.06168,376,0.05241,642,266,3
Harshit,0.06167,377,0.08032,373,-4,2
theGreatKaggleKing,0.06167,378,0.09347,264,-114,8
Kunal Aarse,0.06167,379,0.08032,374,-5,6
OzanM.,0.06167,380,0.08032,375,-5,64
Alex GUAN,0.06167,381,0.08032,376,-5,20
Bakuer30,0.06167,382,0.08356,347,-35,185
daidary,0.06167,383,0.08032,377,-6,6
Nebula Capital,0.06167,384,0.08032,378,-6,4
Debarupa Sinha,0.06167,385,0.08032,379,-6,2
FunkyBoy,0.06167,386,0.08032,381,-5,7
William Guesdon,0.06167,387,0.08780,300,-87,8
DATA-X,0.06167,388,0.08032,382,-6,4
ham_ham,0.06167,389,0.08032,383,-6,9
meijieyue2025,0.06167,390,0.09127,275,-115,3
Sebastian Castaño Cruz,0.06167,391,0.08032,372,-19,2
Derya Umut Kulali,0.06167,392,0.08032,384,-8,5
Mohamed Gamal,0.06153,393,0.10566,152,-241,17
[Deleted] d3c457ba-0309-4872-91e1-d89197b5a978,0.06152,394,0.08136,366,-28,7
stanislas Brd,0.06149,395,0.07659,418,23,5
saisai6567,0.06144,396,0.04795,683,287,3
somyamehta_24,0.06141,397,0.07184,457,60,3
daukalet,0.06135,398,0.05955,563,165,3
Siddhuj81,0.06134,399,0.04574,705,306,4
congx1,0.06121,400,0.05589,608,208,6
Toby,0.06115,401,0.10103,205,-196,37
[Deleted] 775c9912-f8e1-48b7-83c8-7bc0198cbe12,0.06113,402,0.09396,260,-142,2
Icey Qin,0.06109,403,0.03719,769,366,11
TO,0.06107,404,0.10835,132,-272,11
Charbel Nehme,0.06105,405,0.04777,687,282,26
bestwater,0.06098,406,0.05852,578,172,6
Fondry,0.06095,407,0.05108,654,247,11
Sourav Saini,0.06090,408,0.06381,529,121,4
TwoYOneS,0.06085,409,0.10917,128,-281,11
jasonzhao1039,0.06076,410,0.08517,333,-77,9
HADESDEVIL,0.06073,411,0.09348,263,-148,82
Shichao0824,0.06068,412,0.09073,280,-132,28
Al wan na,0.06065,413,0.08955,287,-126,9
MersadA,0.06060,414,0.07945,391,-23,1
Ln Chtgnlt,0.06053,415,0.08227,358,-57,12
Tourists,0.06051,416,0.06049,555,139,29
Taylor S. Amarel,0.06048,417,0.10552,158,-259,34
Adi Kusuma,0.06040,418,0.10200,198,-220,16
Subham8950,0.06038,419,0.03347,782,363,8
有点小困呢S,0.06035,420,0.08340,349,-71,6
georgexue666,0.06031,421,0.06100,548,127,5
Martin0421,0.06011,422,0.15154,9,-413,39
[Deleted] fb8900c2-b05d-44af-bfb2-220d771704aa,0.06007,423,0.08506,335,-88,12
harsh@mankar,0.05994,424,0.06559,513,89,3
wimbley,0.05994,425,0.03809,764,339,1
TA HUU ANH,0.05993,426,0.05909,574,148,1
CryptoPlayer,0.05978,427,0.10578,151,-276,2
EmilyYX,0.05978,428,0.05103,655,227,1
ZephyrineY,0.05978,429,0.06152,547,118,9
pratice,0.05968,430,0.05921,570,140,2
[Deleted] 9842d976-b12e-4304-9f4b-167cb8a8bef3,0.05964,431,0.14511,17,-414,73
Peggys11,0.05964,432,0.15026,12,-420,68
我不是奶龙,0.05960,433,0.11373,101,-332,10
Shane Wang,0.05959,434,0.10620,146,-288,1
Cem Karışlı,0.05958,435,0.06578,511,76,9
eryue shisi,0.05956,436,0.06085,551,115,2
[Deleted] 63f008a3-2489-44d2-acbd-8da0113064e2,0.05943,437,0.09798,229,-208,18
AryaKrishna@MON,0.05938,438,0.06206,541,103,13
[Deleted] 03968296-7d1c-4584-b1d2-6ebe14c22daa,0.05935,439,0.10111,203,-236,14
T Amarel Tech,0.05929,440,0.10607,147,-293,17
ransid1,0.05927,441,0.05892,576,135,7
mxiaoooo,0.05914,442,0.10404,182,-260,25
Dr. Michael Kuszpa,0.05902,443,0.04525,711,268,6
Bitcoin,0.05888,444,0.05920,571,127,3
Two Brothers,0.05888,445,0.12001,80,-365,49
Misha Shikhov,0.05883,446,0.08780,301,-145,9
Inga Kuznetsova,0.05873,447,0.08383,344,-103,19
Cyrin Neeraj,0.05867,448,0.04740,690,242,2
justin1357,0.05846,449,0.10288,191,-258,3
ujjal kumar Mahato,0.05843,450,0.05346,635,185,1
L & L,0.05843,451,0.05346,636,185,1
CatCapital,0.05838,452,0.11122,115,-337,27
Vicki Mu,0.05838,453,0.05257,640,187,6
aha_Yann Zhenxuan,0.05826,454,0.11063,121,-333,27
Maaz Khan,0.05811,455,0.03980,750,295,14
Marius Heuser,0.05799,456,0.06474,520,64,2
Barinka Batista,0.05793,457,0.06759,494,37,5
Elliot Qiao,0.05790,458,0.08474,338,-120,3
Tang Dynasty,0.05787,459,0.07212,450,-9,7
vivchik,0.05785,460,0.06900,483,23,21
sanebow,0.05781,461,0.07283,442,-19,2
[Deleted] 781a8409-0971-4f38-855c-7ff922fd87b9,0.05779,462,0.13986,29,-433,64
thegghost,0.05772,463,0.09342,265,-198,4
angus4718,0.05760,464,0.07970,389,-75,4
Yihan Guo,0.05760,465,0.07970,388,-77,6
[Deleted] 5a8e53b0-01b1-4ffb-8cf7-6f8e607c3819,0.05758,466,0.06156,546,80,7
Old Monks,0.05750,467,0.10465,174,-293,5
Cathy,0.05749,468,0.10811,133,-335,8
Hgvv Hgbbb,0.05747,469,0.06687,500,31,9
Yilin Gu0930,0.05741,470,0.10300,189,-281,24
KLE Hecker's,0.05741,471,0.10300,190,-281,19
JM,0.05739,472,0.05927,567,95,5
PRIYANSHU PRAJAPATI,0.05735,473,0.03872,754,281,3
Yesss!,0.05718,474,0.10974,126,-348,16
Carlos Mendoza II,0.05716,475,0.09365,261,-214,2
[Deleted] ff1b96bf-34be-41c9-a898-d1a036e5357c,0.05715,476,0.04866,672,196,15
Vasu Verma,0.05698,477,0.12151,74,-403,66
Martin Szerment,0.05693,478,0.05590,607,129,10
jameswww,0.05690,479,0.10379,183,-296,3
KMeancluster,0.05688,480,0.06357,530,50,5
sinkin67,0.05678,481,0.07013,472,-9,15
Lonmmy Lai,0.05673,482,0.03224,791,309,1
Croasset,0.05652,483,0.11408,100,-383,16
ArtificialChicken,0.05650,484,0.02788,805,321,4
Salim Dohri,0.05641,485,0.06299,535,50,1
Ankush Pandit,0.05634,486,0.04071,742,256,1
zachary1031,0.05605,487,0.04929,666,179,2
tsl99us,0.05602,488,0.04914,669,181,4
Nathan Liu,0.05601,489,0.09155,273,-216,5
Kirin,0.05589,490,0.04481,713,223,4
🤡狗头哥🤡,0.05568,491,0.10254,194,-297,10
Max,0.05551,492,0.09579,250,-242,8
Harshopopji,0.05534,493,0.03817,761,268,1
GraceLfd,0.05518,494,0.11084,120,-374,14
Aphrodite,0.05507,495,0.05799,582,87,5
A.K.NITHIN,0.05507,496,0.06751,496,0,10
Not Found 510,0.05501,497,0.03879,753,256,1
pinoystat,0.05498,498,0.07819,404,-94,16
Awais5067,0.05497,499,0.06496,516,17,5
franck,0.05494,500,0.03246,790,290,1
Kevin LUO,0.05490,501,0.04140,734,233,1
MINGXUAN GAO 621,0.05481,502,0.10452,175,-327,7
isinsu,0.05478,503,0.11195,112,-391,43
Strange Paul,0.05473,504,0.11457,98,-406,22
xuyihang60,0.05458,505,0.03668,772,267,2
Srikanth Guduru,0.05451,506,0.04654,700,194,5
JcpApplications,0.05447,507,0.07685,416,-91,31
redpanda0304,0.05445,508,0.10878,129,-379,10
CEO @ КриптоБаза3000,0.05441,509,0.08249,357,-152,6
pumal,0.05439,510,0.10481,172,-338,5
ElfFei,0.05434,511,0.06904,482,-29,4
Sheldon Lam,0.05432,512,0.10325,188,-324,6
Krish_SRM,0.05424,513,0.10106,204,-309,3
Vojtěch Humpl,0.05401,514,0.05482,621,107,8
BRUH,0.05392,515,0.06161,545,30,10
Yaroslaw Voropaew,0.05386,516,0.05353,634,118,4
ejmera,0.05384,517,0.06468,521,4,6
Dany Kelzi,0.05379,518,0.05756,589,71,23
Long Issac Hair Fay,0.05378,519,0.09690,243,-276,7
harrodyuan,0.05369,520,0.08783,299,-221,10
PetaZ79,0.05368,521,0.05824,580,59,2
lxy325,0.05368,522,0.08889,292,-230,5
Dmitriy Ch,0.05366,523,0.02568,824,301,2
gopalm-ai,0.05362,524,0.05634,601,77,10
shiroka,0.05351,525,0.06936,477,-48,19
zxcDDD,0.05349,526,0.11062,122,-404,2
Praxitelis Ntokos,0.05348,527,0.04221,730,203,13
[Deleted] 77823102-44d5-4fb3-bc83-e44f69d000b4,0.05336,528,0.15039,11,-517,9
kaylascho Lawrene,0.05328,529,0.02553,825,296,6
Oliver Flynn,0.05324,530,0.09470,256,-274,6
Samisai,0.05324,531,0.10080,206,-325,23
Migrant Worker Data Hub,0.05318,532,0.09690,238,-294,6
jone jone,0.05315,533,0.10786,134,-399,25
AlleyMax,0.05302,534,0.06911,481,-53,11
Naman Durve,0.05298,535,0.07121,462,-73,4
LabubuFamily,0.05298,536,0.06936,478,-58,3
Yandong Zhang,0.05293,537,0.06646,505,-32,5
Grinding Beans,0.05285,538,0.04808,679,141,6
Zhengze Ren,0.05278,539,0.06752,495,-44,4
Arminas03,0.05272,540,0.09736,236,-304,45
Ashutosh Tiwari,0.05267,541,0.05395,629,88,10
Abubakar Magomedov,0.05264,542,0.06211,540,-2,2
aurora243,0.05263,543,0.06924,479,-64,9
Ravi kiran Uppalapati,0.05258,544,0.04172,732,188,5
[Deleted] 7faeae3a-25d5-4e0b-8cc8-46d8936911fc,0.05248,545,0.07631,420,-125,7
Verify It Is You,0.05239,546,0.09690,244,-302,8
Charles K Luis,0.05238,547,0.04245,729,182,2
Vishal Naik,0.05236,548,0.04918,667,119,5
Ensophea Toch,0.05204,549,0.06771,493,-56,14
Ahmet Kacmaz,0.05182,550,0.07536,426,-124,4
Tony Li,0.05181,551,0.06072,552,1,1
Julio Contreras,0.05179,552,0.08702,309,-243,44
Krish V Gada,0.05171,553,0.09690,239,-314,12
sanhuo11,0.05171,554,0.09690,240,-314,12
AN2796,0.05171,555,0.09690,241,-314,12
Pin That The Parking Lot,0.05171,556,0.09690,242,-314,13
Simon Makumi,0.05171,557,0.09690,245,-312,13
SUJIB BARMAN,0.05171,558,0.09690,246,-312,2
Ramazan Turan,0.05161,559,0.05621,604,45,1
Guolun Li,0.05158,560,0.11444,99,-461,4
samyuktha,0.05152,561,0.04658,699,138,3
Dur-e-Yashfeen,0.05121,562,0.08305,352,-210,1
xyang1,0.05119,563,0.10542,161,-402,31
Arnav Harshit 05,0.05114,564,0.05500,620,56,4
Hanpu Yao,0.05090,565,0.08939,288,-277,9
Sandhya Avasthi,0.05088,566,0.05481,622,56,1
beidixiaoxiong,0.05087,567,0.05201,647,80,6
Asem Hatamleh,0.05082,568,0.05397,628,60,3
Marcosshen #2,0.05079,569,0.09336,267,-302,9
Qing Zhe,0.05078,570,0.00808,906,336,2
Hew,0.05074,571,0.07838,401,-170,32
OxZhang,0.05074,572,0.11108,117,-455,14
Bhavya Arora,0.05060,573,0.03832,756,183,4
Gilad Kertesz Harduf,0.05038,574,0.06652,503,-71,3
Sunny Ann 69,0.05030,575,0.09967,216,-359,18
Genki Asahi,0.05028,576,0.05813,581,5,8
hhh,0.04999,577,0.04717,693,116,2
Saveliy Karpushkin,0.04981,578,0.08510,334,-244,3
Anisoulk,0.04977,579,0.04848,673,94,5
Borya,0.04977,580,0.03984,748,168,10
kapilsuara,0.04975,581,0.05752,591,10,5
Shubham Jain,0.04973,582,0.07668,417,-165,5
Ryougi_rain,0.04972,583,0.03795,765,182,6
Jimmy Huang,0.04971,584,0.06484,519,-65,2
Daniel Brotherhood,0.04970,585,0.05952,564,-21,5
ASHVIN,0.04968,586,0.05519,617,31,3
MALAY CHAND,0.04957,587,0.04128,737,150,12
Prasad.tgs,0.04955,588,0.04967,660,72,6
Mike Chaves,0.04945,589,0.04153,733,144,11
waticson,0.04942,590,0.05553,611,21,1
Nicks,0.04931,591,0.03559,775,184,5
Nihar Shah,0.04930,592,0.02426,834,242,2
taka@Moot,0.04914,593,0.03274,789,196,1
Erying Zhao,0.04910,594,0.08554,325,-269,2
Sahand Nazarzadeh,0.04901,595,0.04207,731,136,3
sharppink,0.04899,596,0.03825,759,163,6
Connor Stanley,0.04884,597,0.05515,618,21,1
YutingLi0835,0.04868,598,0.08931,289,-309,12
Kaichuan Guan,0.04861,599,0.03359,781,182,2
Sudarshini Tyagi,0.04859,600,0.05724,593,-7,6
Neal112,0.04844,601,0.10541,162,-439,22
İsmail Çaprak,0.04841,602,0.03290,785,183,2
ZXMATH,0.04824,603,0.04621,702,99,4
Youssef ES-SAAIDI,0.04820,604,0.00062,975,371,3
Vladimir Khismatullin,0.04801,605,0.06486,518,-87,1
"Kerry C. Cox, Jr.",0.04800,606,0.02745,809,203,3
PRADHYUMN YADAV,0.04795,607,0.03968,751,144,2
Muhammad Mohsin,0.04791,608,0.04592,704,96,1
Guanshuo Xu,0.04784,609,0.02452,833,224,1
yybxb,0.04777,610,0.09820,228,-382,7
Thariq Arian,0.04771,611,0.05450,623,12,11
Volodymyr,0.04767,612,0.01771,871,259,5
Ablay Dosmaganbetov,0.04764,613,0.08905,290,-323,3
Abhishek Patil,0.04763,614,0.04955,664,50,1
pranv11,0.04763,615,0.05679,597,-18,1
[Deleted] e4009c11-7177-4716-91d4-51251ccfc879,0.04739,616,0.11096,119,-497,2
Atharv Katkar,0.04738,617,0.05508,619,2,1
DavidLi13922795186,0.04736,618,0.02413,838,220,4
Ogwal Odyek,0.04733,619,0.04961,662,43,3
Pablo Figueroa,0.04722,620,0.06276,536,-84,3
Jose Hernandez,0.04712,621,0.06845,486,-135,41
musuf lin,0.04698,622,0.08992,285,-337,4
iusafa shen,0.04698,623,0.08992,286,-337,6
DASH,0.04697,624,0.05672,598,-26,4
Tobi Ajao,0.04694,625,0.02158,848,223,4
Gagan David ,0.04692,626,0.05646,600,-26,9
xsc1025,0.04689,627,0.12168,72,-555,69
Karthik,0.04685,628,0.08530,328,-300,44
vivek kumar 5148,0.04683,629,0.02938,798,169,2
Moroz Roman,0.04676,630,0.08618,320,-310,5
Robert Cruse Jr,0.04664,631,0.05220,644,13,5
SHUBHANKAR DUBEY,0.04663,632,0.09979,214,-418,18
Melvin Varghese,0.04656,633,0.05546,612,-21,4
KOUSHIK KUMAR DINDA,0.04644,634,0.04431,716,82,3
مساء الزبدة,0.04640,635,0.05631,602,-33,10
Hinata Kirima,0.04633,636,0.02180,847,211,5
Harish K,0.04622,637,0.05407,625,-12,9
Tharindu Karunarathna,0.04617,638,0.04817,676,38,1
Duhe_aa,0.04601,639,0.02416,836,197,9
Rikan Saha,0.04598,640,0.02391,840,200,4
zyy200012,0.04598,641,0.02391,841,200,3
Clement COUCHEVELLOU,0.04596,642,0.05777,586,-56,27
prasoon_gupta22,0.04571,643,0.05196,648,5,1
Nikolai Edkov,0.04564,644,0.04073,741,97,9
Mitchell Singh,0.04547,645,0.02477,830,185,1
Robo Games,0.04520,646,0.04059,743,97,4
Hari Rama karthikeyan,0.04505,647,0.11658,86,-561,1
aaa,0.04502,648,0.02480,829,181,2
math2quant,0.04476,649,0.06310,534,-115,10
Anuraj Chavan,0.04464,650,0.08136,365,-285,14
IZEK123,0.04455,651,0.03073,794,143,1
Lauris_berkeley,0.04453,652,0.08829,294,-358,13
AkiraIshikawa,0.04437,653,0.04735,691,38,4
High Sharpe,0.04432,654,0.05539,614,-40,7
Students,0.04428,655,0.02725,811,156,1
Riyadh Barka,0.04424,656,0.08183,363,-293,7
Josmar Augusto Fonseca Barbosa,0.04411,657,0.02831,803,146,1
yololiu,0.04409,658,0.05275,638,-20,3
NikolAiD153,0.04403,659,0.04695,695,36,6
Andry,0.04400,660,0.05528,616,-44,2
Isabelle999,0.04379,661,0.02379,842,181,1
NAtiNA,0.04377,662,0.05203,646,-16,17
Yuuki KON.PML,0.04377,663,0.09830,227,-436,15
Valunauts,0.04360,664,0.06862,485,-179,14
Arpit1Bansal,0.04351,665,0.04714,694,29,4
Palindrome _ X,0.04349,666,0.07217,449,-217,5
SimonNguyen,0.04349,667,0.04840,675,8,1
Daniel Spartakves,0.04331,668,0.05756,588,-80,4
Linh Nguyễn,0.04326,669,0.03830,757,88,6
Montasir,0.04310,670,0.05737,592,-78,2
Kilalon,0.04293,671,0.03447,776,105,13
Tri Babu,0.04291,672,0.04799,681,9,3
SYSA,0.04283,673,0.03289,786,113,9
Abhijit Rajkumar,0.04278,674,0.03419,780,106,7
AntonioYan,0.04272,675,0.08476,337,-338,2
wanghuijuan6428,0.04269,676,0.10447,176,-500,1
Srijan Ratrey,0.04267,677,0.03726,768,91,1
Rizal Shidiq,0.04264,678,0.04117,738,60,1
[Deleted] 9d2ca8f3-af7f-456f-a630-c20bec05b9d5,0.04262,679,0.04777,686,7,1
uday tripurani,0.04254,680,0.01925,862,182,1
LemonTree,0.04233,681,0.09038,282,-399,11
Aneesa Jadoon,0.04233,682,0.02717,813,131,2
Datadriver,0.04232,683,0.04302,727,44,5
hepzanechen,0.04228,684,0.06441,524,-160,5
Sam doctor,0.04225,685,0.01468,882,197,2
Emily Hu,0.04210,686,-0.00297,1079,393,3
Sabiha Malik,0.04191,687,0.04966,661,-26,6
Aya Youssef,0.04190,688,0.03735,767,79,4
abdonson,0.04186,689,0.13808,31,-658,62
Risikesan,0.04166,690,0.05126,652,-38,1
PUN,0.04164,691,0.04534,709,18,2
Benjamin,0.04138,692,0.04372,719,27,2
michel emil,0.04124,693,0.03618,774,81,4
404: Team Name Not Found,0.04117,694,0.06085,550,-144,16
metawave,0.04116,695,0.04847,674,-21,1
Burgundy xyz,0.04107,696,0.04399,718,22,5
量化如玄学,0.04084,697,0.04604,703,6,1
Vlad Snozyk,0.04072,698,0.04552,707,9,1
Siyuan,0.04063,699,0.04803,680,-19,14
longhoangvinh,0.04037,700,0.02456,832,132,1
ManhNguyen315,0.04030,701,0.01047,896,195,5
dangomu,0.04028,702,0.06177,544,-158,4
Nitin Raj,0.04019,703,0.07566,423,-280,1
Happyman-98,0.04003,704,0.01095,891,187,6
Amr Ashor,0.03983,705,0.03765,766,61,10
Malay Chand,0.03969,706,0.03869,755,49,5
Jincheng Wang,0.03965,707,0.05579,609,-98,8
Viet-Phuong-1204,0.03962,708,0.06888,484,-224,5
Karan Gupta,0.03956,709,0.04329,722,13,1
Lamii2901,0.03929,710,0.04525,710,0,5
hafts11,0.03923,711,0.02283,846,135,2
Andrew Heuer,0.03917,712,0.02402,839,127,6
John Mtulya,0.03889,713,0.02589,822,109,3
Yanzhao,0.03878,714,0.04570,706,-8,1
Momina9,0.03862,715,0.04305,725,10,3
Irene Khan,0.03862,716,0.04305,726,10,1
Hazel Wine,0.03858,717,0.04077,740,23,8
K.Alami24,0.03848,718,0.04410,717,-1,1
Ismail Ali Ahmed,0.03843,719,0.06241,538,-181,11
AShin,0.03826,720,0.07267,443,-277,6
Sourav,0.03825,721,0.05151,650,-71,5
Kkkkkkkyle Yu,0.03809,722,0.03817,760,38,1
KickYouOut,0.03788,723,0.07221,448,-275,1
William178,0.03783,724,0.08184,362,-362,9
Cheng zh1yuan,0.03770,725,0.03312,783,58,3
Kyle099,0.03750,726,0.03274,788,62,1
suika's playground,0.03742,727,0.07387,432,-295,15
Rohanrk1813,0.03739,728,0.04135,736,8,4
ali_ns95,0.03714,729,0.07782,406,-323,11
Priscilla Gemperle,0.03713,730,0.04316,723,-7,3
Rikuto Takeuchi,0.03708,731,0.02628,818,87,1
EvgenyKazenov,0.03677,732,0.02629,817,85,2
Sacha,0.03644,733,0.04037,745,12,2
lin_1021,0.03636,734,0.01935,861,127,1
bluetriad,0.03617,735,0.04336,721,-14,3
Here,0.03595,736,0.02828,804,68,9
HENRYOU889,0.03584,737,0.05913,573,-164,1
GML,0.03567,738,0.05372,633,-105,9
Lily Junkar,0.03565,739,0.03815,762,23,2
viraj sawant,0.03559,740,0.02588,823,83,4
Javier Reinoso Velasco,0.03540,741,0.07125,461,-280,30
Zhuzhu Bond,0.03535,742,0.03949,752,10,3
Q.W,0.03535,743,0.07527,427,-316,1
Yin Qiwei,0.03535,744,0.07527,428,-316,1
Oleg Zagorulko,0.03535,745,0.07527,429,-316,1
GARV,0.03521,746,0.03981,749,3,1
Nocima,0.03510,747,0.01469,881,134,1
Wei Zheng Choo,0.03498,748,0.06778,492,-256,6
YeYeWest,0.03494,749,0.04796,682,-67,11
Isaac Newtons,0.03471,750,0.02677,816,66,3
Peter Nemeth,0.03458,751,0.00421,921,170,1
Eugenio Macias Orozco,0.03444,752,0.07769,408,-344,4
Zheng Ganyixiao,0.03407,753,0.09774,230,-523,24
Santhosh & Shanjeev,0.03404,754,0.06806,490,-264,1
CARMEN.AI,0.03401,755,0.06936,476,-279,10
Jason Gou,0.03375,756,0.05114,653,-103,8
Divya2122,0.03363,757,0.00121,959,202,3
Joy Wu,0.03355,758,0.04669,698,-60,5
Raphaël,0.03337,759,0.06806,489,-270,10
Jeremy Sasson,0.03331,760,0.05056,656,-104,5
hanae tf,0.03328,761,0.05620,605,-156,1
Raijin,0.03328,762,0.05131,651,-111,11
adarsh_rajbhar1234@,0.03321,763,0.02057,856,93,2
Yuri,0.03311,764,0.04362,720,-44,6
Zahra ELHAMRAOUI,0.03300,765,0.02018,859,94,4
lookmomIampredicting,0.03296,766,0.06650,504,-262,22
Neo Li,0.03269,767,0.09685,247,-520,5
Mushroom_Man_5558,0.03268,768,0.05544,613,-155,3
Adam Dostie,0.03265,769,0.01253,888,119,1
Prathamesh Mistry,0.03265,770,0.07933,393,-377,21
xxxL Chaos us,0.03258,771,0.08480,336,-435,5
QADMMY,0.03254,772,-0.00713,1084,312,2
Klgv Klgv,0.03252,773,0.03280,787,14,3
Mahboob Biswas,0.03228,774,0.00535,918,144,1
Roman Shevchuk112,0.03224,775,0.02706,814,39,2
Jonathan Roth,0.03195,776,0.02742,810,34,3
ROZZZZ,0.03194,777,0.09708,237,-540,10
man_dry_bread,0.03184,778,0.04728,692,-86,3
test_crypto,0.03176,779,0.03300,784,5,5
Null,0.03175,780,0.01758,872,92,6
fsociety,0.03160,781,0.01298,887,106,3
LiuDongStar,0.03135,782,0.06217,539,-243,3
Quantropy,0.03074,783,0.03162,792,9,3
Orangelwlrma,0.03060,784,0.08296,353,-431,11
ichokawa.sos,0.03054,785,0.03827,758,-27,15
Eko_zzh,0.03046,786,0.00957,900,114,10
mindset324,0.03045,787,0.04287,728,-59,2
Deepak Saldanha,0.03040,788,0.05920,572,-216,8
R4N99a NGRO,0.03026,789,0.05973,562,-227,13
LizzyKG,0.03025,790,0.00307,927,137,1
Charismatic Pizza Party🍕,0.03017,791,0.01599,876,85,1
MCD NEO,0.03013,792,0.03678,771,-21,17
a3amaT02,0.02977,793,0.02608,819,26,4
bingo,0.02946,794,0.04959,663,-131,6
AKN,0.02936,795,0.02366,844,49,16
Gasset Mathieu,0.02919,796,0.06826,488,-308,1
Kevin Wong,0.02918,797,0.01426,883,86,1
Wednesday,0.02908,798,0.04816,677,-121,6
realtluu,0.02896,799,0.05446,624,-175,16
kk2695,0.02885,800,0.02865,801,1,1
MHAMEEN,0.02870,801,0.01893,864,63,1
The Data Person,0.02868,802,0.02422,835,33,2
Gilberto Batres-Estrada,0.02864,803,0.01533,879,76,1
LiWen Xue,0.02854,804,0.08206,360,-444,3
HYPEE SUN,0.02838,805,0.02476,831,26,2
vossipov,0.02827,806,0.02725,812,6,6
olougern111,0.02824,807,0.06642,506,-301,10
Benjamin Chan,0.02789,808,0.04879,671,-137,12
ganipesu,0.02787,809,0.15165,8,-801,33
xpsi,0.02761,810,0.04081,739,-71,8
DiaboliZe,0.02737,811,0.02367,843,32,5
vivekjoshi556,0.02723,812,0.01045,897,85,1
Mengjun Zhu,0.02715,813,0.07556,424,-389,16
Candice Kan,0.02713,814,0.02486,828,14,2
DDo Tuan,0.02680,815,0.02416,837,22,5
Soham Mukherjee47,0.02679,816,0.04448,714,-102,10
SY,0.02671,817,0.04043,744,-73,5
Adil Shamim,0.02671,818,0.05937,566,-252,2
Kenj,0.02657,819,0.02085,855,36,5
Oleg Kurilov,0.02644,820,0.04438,715,-105,1
JamieYu1,0.02639,821,0.02023,857,36,2
[Deleted] 3807f567-cdd8-49ad-868d-9f1ed1dd017b,0.02638,822,0.01878,866,44,7
Avinash Kaushal,0.02637,823,0.02687,815,-8,1
Aboudramane Traore,0.02606,824,0.02023,858,34,2
Sudhanshu3112,0.02576,825,0.04816,678,-147,1
[Deleted] 0922f603-a3ae-4f36-879d-959d46756480,0.02536,826,0.08662,315,-511,1
pencil red,0.02536,827,0.08662,311,-516,2
Abid Munna,0.02536,828,0.08662,314,-514,10
Sude Soylemez,0.02532,829,0.00779,910,81,1
Deng,0.02525,830,0.01916,863,33,1
liumi,0.02520,831,0.08895,291,-540,5
Juan Adames,0.02497,832,0.01490,880,48,1
huixucom,0.02493,833,0.02486,827,-6,7
Ylan,0.02491,834,0.08799,295,-539,5
Mikhail Pigolkin,0.02478,835,0.08694,310,-525,2
爱智智能aismart,0.02463,836,0.01877,867,31,1
Will,0.02448,837,0.00241,939,102,5
gamalelbayoumi,0.02413,838,0.03016,796,-42,1
Dilki Madara,0.02376,839,0.01245,889,50,1
De Marchi Fabio,0.02374,840,0.02775,806,-34,1
Manav Trivedi,0.02374,841,0.02775,807,-34,1
Alan,0.02374,842,0.01655,875,33,1
Yixuan Jing,0.02366,843,0.00921,904,61,8
Phan Manh,0.02361,844,0.00745,911,67,5
Antonio Rodriguez Hidalgo,0.02321,845,0.03434,778,-67,3
firas sheleh,0.02312,846,0.05376,631,-215,12
coc1 id,0.02229,847,0.01055,894,47,5
InchTelligence,0.02188,848,0.02512,826,-22,22
Sebastian Lindskog,0.02123,849,0.01307,886,37,1
Manan Jain,0.02103,850,0.03994,747,-103,12
newbyy,0.02100,851,0.01891,865,14,2
bakato,0.02072,852,0.05993,560,-292,5
Kawa,0.02068,853,0.01154,890,37,5
Moonis Haider 1932,0.02036,854,0.08525,330,-524,1
Pranjal_Verma__,0.02035,855,0.03039,795,-60,1
Prakhar Soni,0.02028,856,-0.00089,1007,151,1
ABIODUN TIAMIYU,0.01997,857,0.00782,908,51,1
Renoir,0.01954,858,0.02128,849,-9,8
Jimmy000003,0.01954,859,0.02128,850,-9,2
delta47x,0.01954,860,0.02128,851,-9,2
Pavel Spitsyn,0.01954,861,0.02128,852,-9,1
kruis tan,0.01954,862,0.02128,853,-9,2
Uranus,0.01954,863,0.02128,854,-9,6
Michel NGAPANOUN,0.01906,864,0.02343,845,-19,1
Zakaria Aala,0.01900,865,0.08190,361,-504,6
Thu NTA,0.01871,866,0.01667,874,8,4
TTT,0.01851,867,0.00580,915,48,2
AravindML,0.01812,868,0.03113,793,-75,1
SoarCraft,0.01785,869,0.08523,331,-538,8
Luca Brilhaus,0.01771,870,0.00504,919,49,1
piiikiu,0.01768,871,0.00314,926,55,7
Nader Hosseini Naghavi,0.01754,872,-0.01424,1087,215,1
twocatycm,0.01737,873,-0.00163,1022,149,3
Solomon Zewdu,0.01723,874,0.01807,870,-4,29
Just testing some stuff,0.01710,875,0.06007,559,-316,27
Hansen Zhong,0.01700,876,0.00953,901,25,2
DenisChelyab,0.01691,877,0.06011,557,-320,1
ri-ri,0.01673,878,0.00842,905,27,6
LEON,0.01643,879,0.07554,425,-454,5
JY,0.01617,880,0.08431,341,-539,1
[Deleted] f33c6297-eb3a-429c-8960-ab4f0a1711e9,0.01605,881,0.08619,319,-562,5
Prateek Kiran Mallick,0.01559,882,0.00087,970,88,2
Manoj Kumar,0.01554,883,0.01367,885,2,1
Leo Weiye Li,0.01551,884,0.01053,895,11,1
Dubnium,0.01522,885,0.02927,799,-86,5
priya1207,0.01498,886,0.08440,340,-546,1
Marcosshen,0.01495,887,0.02950,797,-90,1
younan iskander,0.01493,888,0.00334,925,37,2
Graham L,0.01426,889,0.08720,307,-582,38
[Deleted] fbcf8051-c91b-4bbe-893e-3c2b608c8842,0.01411,890,0.08718,308,-582,5
Banh Sua,0.01401,891,0.03437,777,-114,5
Sayonara,0.01393,892,0.07622,421,-471,5
souvik chand,0.01392,893,0.00791,907,14,1
MenghaoZhao,0.01378,894,0.09233,270,-624,10
"Kawahara, Taishi",0.01376,895,0.00718,912,17,1
Ilya Skarednov,0.01370,896,0.05926,568,-328,1
I2nfinit3y,0.01339,897,0.08792,296,-601,4
yu,0.01339,898,0.08792,297,-601,1
Martin Mbalkam,0.01323,899,0.05604,606,-293,1
Sercan Karaoğlu,0.01264,900,0.07903,396,-504,1
Abeirt,0.01262,901,0.02842,802,-99,5
Etienne Sultan,0.01209,902,0.01594,877,-25,1
IC0.2,0.01157,903,0.08394,343,-560,3
china LZU,0.01129,904,0.07889,397,-507,1
icfire_21,0.00994,905,0.01024,898,-7,2
dongbeiyujie,0.00927,906,0.05236,643,-263,5
ABHAY SINGH,0.00912,907,0.01540,878,-29,2
PEIKAI,0.00863,908,-0.00897,1085,177,2
Asapacsin Farland,0.00824,909,0.07374,434,-475,5
Sergey Petrov,0.00792,910,0.04017,746,-164,5
Ditiro Letsoalo,0.00765,911,0.01066,892,-19,4
Noirclerc,0.00720,912,-0.01085,1086,174,1
SDA,0.00663,913,0.02758,808,-105,4
Undercrofters,0.00603,914,0.08610,321,-593,5
Elliot Alderson,0.00603,915,0.00244,938,23,2
Idrissa M Dicko,0.00500,916,0.00021,984,68,4
Dhruvin99,0.00493,917,-0.00169,1023,106,1
insuperabile,0.00471,918,0.00566,916,-2,1
MyGO,0.00448,919,0.02606,820,-99,1
sudheer Singh,0.00448,920,0.02606,821,-99,2
Nobody,0.00444,921,0.02013,860,-61,6
Vignesh21TUIT155,0.00439,922,0.00089,968,46,6
Xiangyuan Mo,0.00431,923,-0.00264,1076,153,3
Conor McMullan,0.00427,924,0.00992,899,-25,5
KDQuant,0.00417,925,-0.00125,1011,86,2
Billys Ciprian2,0.00409,926,0.00083,971,45,5
NikiMath,0.00356,927,-0.00210,1043,116,1
wc,0.00330,928,0.00234,940,12,10
Fabbasso,0.00329,929,-0.00169,1024,95,1
Nohim Jayasinghe,0.00316,930,0.00299,930,0,3
Nguyễn Phương Thảo,0.00306,931,0.00009,986,55,4
xm oblak,0.00297,932,0.03815,763,-169,4
w_mb1_2000,0.00295,933,-0.00103,1009,76,1
Gabriel,0.00290,934,0.00040,981,47,2
WngHeMng0316,0.00282,935,0.08309,351,-584,2
ace366fbbf7,0.00266,936,0.00149,956,20,1
ALEX Tsttai,0.00263,937,-0.00300,1080,143,1
David I Achugbue,0.00259,938,0.03433,779,-159,1
visionglass,0.00255,939,0.00301,929,-10,1
wangliang9274,0.00239,940,0.00058,978,38,1
PPxxxl,0.00226,941,0.00108,964,23,3
[Deleted] a2c6609e-716b-446e-a1f3-0ab116862a61,0.00221,942,0.00254,935,-7,6
Felix Wernlein,0.00211,943,-0.00069,1003,60,4
Venkata Skandha Varma R,0.00199,944,0.00210,946,2,6
Warriors Long,0.00198,945,0.00034,982,37,5
Phoenix,0.00189,946,0.00157,953,7,2
Shamith/Pasidu,0.00189,947,-0.00104,1010,63,1
KrrishChoudhary109,0.00188,948,-0.00004,990,42,2
pinkwhale09,0.00176,949,0.04693,696,-253,4
Tumz,0.00172,950,0.00285,931,-19,1
Ayush sq,0.00170,951,-0.00259,1070,119,1
Mikey Marszewski,0.00170,952,-0.00259,1069,117,1
Pav Nasipudi,0.00170,953,-0.00259,1073,120,2
BeliverIN123,0.00170,954,-0.00259,1074,120,1
LEO157,0.00170,955,-0.00259,1075,120,1
qianbao hou,0.00170,956,-0.00259,1071,115,1
quantju,0.00170,957,-0.00259,1072,115,1
Vishal Painjane,0.00161,958,0.00781,909,-49,2
ML_Master,0.00153,959,0.00090,966,7,4
Arvind,0.00149,960,0.00179,950,-10,1
ChebbyChefNEQ,0.00144,961,0.00115,961,0,3
Chris Coovrey,0.00143,962,0.00047,979,17,2
JIMMYhuang03,0.00140,963,-0.00173,1025,62,6
KgaboSephesu,0.00139,964,-0.00036,996,32,1
OVERFITTERS,0.00135,965,-0.00089,1008,43,4
TOBI OJEBIYI,0.00133,966,-0.00070,1004,38,6
Raymussen Arthur,0.00127,967,-0.00156,1019,52,1
Ashder Karim,0.00126,968,0.00041,980,12,1
dixita mendpara,0.00125,969,0.00227,942,-27,1
Yany,0.00123,970,0.00929,902,-68,2
Lex K,0.00123,971,0.00929,903,-68,2
dreamer,0.00122,972,0.00117,960,-12,2
Yao Class Hunter,0.00122,973,0.00059,977,4,3
Panuwat.S,0.00106,974,0.00087,969,-5,1
rain on the train,0.00096,975,0.00090,967,-8,5
Taylor Y Jia,0.00095,976,-0.00183,1026,50,2
REMEY,0.00091,977,0.00349,924,-53,2
ducknew,0.00091,978,-0.00145,1018,40,6
Jay Patel #3,0.00089,979,0.00014,985,6,1
Quan Nguyen,0.00085,980,-0.00040,997,17,5
Jeffery Gao,0.00085,981,0.00111,962,-19,1
WRebelZ,0.00083,982,0.00537,917,-65,5
Aleksandr Storchak,0.00077,983,-0.00249,1067,84,1
Aminah Mir,0.00077,984,0.00172,951,-33,9
Maliha Mir,0.00077,985,0.00147,957,-28,5
Kyle,0.00066,986,0.00210,947,-39,10
Mahmoud Elshahed,0.00066,987,0.00428,920,-67,1
yyw8408,0.00058,988,-0.00015,993,5,3
YassY_The_AlchemYst,0.00053,989,0.00279,933,-56,4
Jonathan Jinzhao Yang,0.00047,990,-0.00086,1005,15,1
ken0819,0.00044,991,0.00227,943,-48,8
Volatility Surfs,0.00036,992,0.00156,954,-38,4
Colton Jones,0.00021,993,0.00203,949,-44,5
Nibirou,0.00019,994,0.00365,923,-71,3
菠萝,0.00015,995,-0.00140,1015,20,1
Giovanni Marco Dall'Olio,0.00006,996,-0.00210,1042,46,1
anirudh Siwach,0.00003,997,-0.00047,998,1,2
Anwiketh Reddy,0.00003,998,-0.00048,999,1,1
Raj Pratap Singh 08,0.00000,999,0.00000,989,-10,3
Muhammad Syazwan,-0.00009,1000,-0.00196,1036,36,1
Jessica Zhu,-0.00013,1001,0.00125,958,-43,5
HelenLiu_,-0.00016,1002,-0.00126,1013,11,1
ekozzh1k,-0.00016,1003,-0.00204,1041,38,3
JNL,-0.00017,1004,-0.00187,1035,31,4
Dragos Stefan Mihalcea,-0.00021,1005,0.00005,987,-18,2
ken19970819,-0.00024,1006,0.00226,944,-62,5
DeepThought,-0.00025,1007,0.00220,945,-62,1
Light&Thunder,-0.00027,1008,0.00261,934,-74,4
yuki #2,-0.00029,1009,-0.00005,991,-18,2
Niclo,-0.00030,1010,-0.00204,1038,28,1
yuki16,-0.00030,1011,-0.00204,1039,28,2
kaggle6,-0.00030,1012,-0.00204,1040,28,1
jason,-0.00030,1013,-0.00200,1037,24,3
李柏憲Steven,-0.00031,1014,-0.00036,995,-19,5
Sarkar Sagar,-0.00032,1015,-0.00014,992,-23,1
Jackson You,-0.00039,1016,-0.00336,1082,66,1
Ichigo_E,-0.00041,1017,-0.00052,1000,-17,5
Stephen_H666,-0.00052,1018,-0.00127,1014,-4,4
Jingqiang Li,-0.00058,1019,-0.00240,1065,46,1
matthewhcmok,-0.00060,1020,0.00250,936,-84,5
Chenxi2003,-0.00063,1021,-0.00142,1016,-5,1
[Deleted] b31bfa32-3da8-4c0c-aade-c640193225d7,-0.00063,1022,-0.00241,1066,44,1
Awais_WolfAce,-0.00070,1023,0.00080,972,-51,3
Kunalan subatharan,-0.00072,1024,0.00028,983,-41,4
Tao Xu,-0.00072,1025,0.00391,922,-103,4
YUNTIAN YANG,-0.00082,1026,-0.00216,1044,18,1
Sachin Kumar,-0.00082,1027,-0.00184,1028,1,7
Hudi123,-0.00083,1028,-0.00217,1045,17,1
Landon Cummings1,-0.00083,1029,-0.00187,1029,0,3
good,-0.00083,1030,-0.00187,1030,0,5
Dmitry Sirenchenko,-0.00083,1031,-0.00187,1031,0,2
U023,-0.00083,1032,-0.00187,1032,0,1
J&C,-0.00083,1033,-0.00187,1033,0,1
Octavi Grau,-0.00083,1034,-0.00187,1034,0,3
VINNNNNCI,-0.00088,1035,0.00151,955,-80,5
libo202109,-0.00089,1036,-0.00088,1006,-30,2
Travis3160423,-0.00093,1037,-0.00232,1060,23,1
Kavignaani,-0.00096,1038,0.05693,595,-443,2
Nicholas Charland,-0.00096,1039,-0.00227,1055,16,1
Athi,-0.00096,1040,-0.00227,1056,16,1
RJayshree,-0.00096,1041,-0.00227,1057,16,2
Alyan Haider,-0.00096,1042,-0.00227,1058,16,2
ishita bahamnia,-0.00096,1043,-0.00227,1059,16,1
Aishwarya_PS_2006,-0.00096,1044,-0.00227,1048,4,1
Merlin WSY,-0.00096,1045,-0.00227,1049,4,1
Bryan Dang,-0.00096,1046,-0.00227,1050,4,1
mayor_nasok,-0.00096,1047,-0.00227,1051,4,1
Srihith Chennareddy,-0.00096,1048,-0.00227,1052,4,3
Lyu jinhao,-0.00096,1049,-0.00227,1053,4,1
Austin Lay,-0.00096,1050,-0.00184,1027,-23,5
ax0080,-0.00096,1051,-0.00227,1054,3,1
Rian Atri,-0.00096,1052,-0.00227,1047,-5,1
Margot ZHAO,-0.00096,1053,-0.00227,1046,-7,2
Youssif Abozaid,-0.00099,1054,-0.00250,1068,14,1
jinghong liu,-0.00100,1055,-0.00234,1062,7,1
Freddie Fan,-0.00100,1056,-0.00163,1021,-35,2
Aliffa Agnur,-0.00100,1057,-0.00234,1063,6,1
AnthonyTherrien,-0.00100,1058,-0.00234,1064,6,1
Menglei Sun,-0.00103,1059,-0.00017,994,-65,1
Alpha Im Coming,-0.00105,1060,0.00167,952,-108,2
William Nelson,-0.00106,1061,0.00207,948,-113,10
The Great Brian,-0.00107,1062,-0.00143,1017,-45,1
Luoshu Lee,-0.00113,1063,0.00284,932,-131,19
Miaomiao08,-0.00113,1064,-0.00126,1012,-52,1
David Lee,-0.00138,1065,-0.00158,1020,-45,1
SiuHang Ip,-0.00169,1066,0.00306,928,-138,1
Androw Yang,-0.00170,1067,-0.00270,1077,10,1
Martin Ho,-0.00172,1068,0.00101,965,-103,8
[Deleted] d9b868e1-28c5-4e41-a58f-40c94648a742,-0.00178,1069,0.00232,941,-128,1
Abhinaba Ghosh,-0.00182,1070,0.00002,988,-82,1
Elizabeth Hu,-0.00186,1071,0.01846,868,-203,2
babakara,-0.00197,1072,0.00063,974,-98,1
Fred Nesti,-0.00199,1073,-0.00286,1078,5,2
Roshani Yogaraja,-0.00220,1074,0.00075,973,-101,5
Ziyang Ni,-0.00242,1075,-0.00064,1002,-73,3
SAMUEL MAJJI,-0.00259,1076,0.00110,963,-113,1
Giovanni Luis Crocioni,-0.00267,1077,-0.00053,1001,-76,2
George,-0.00282,1078,-0.00233,1061,-17,1
saiyadri,-0.00342,1079,0.00249,937,-142,1
Neverland,-0.00413,1080,0.00060,976,-104,1
Subhadip sasmal,-0.00490,1081,0.01374,884,-197,1
Suren Surenthiran,-0.00514,1082,0.01815,869,-213,1
Kilian Til 2,-0.00588,1083,0.01065,893,-190,1
JuanMEQ,-0.00954,1084,0.00705,913,-171,1
Jackal Jeff,-0.00987,1085,-0.00301,1081,-4,1
Faryal Rifaz,-0.02224,1086,-0.00532,1083,-3,1
LelloucheViBritannia,-0.02518,1087,0.01728,873,-214,1
[Deleted] d250c0e9-5fd1-426a-9ce1-485e54ede12b,-1.00000,1088,-1.00000,1088,0,2
[Deleted] f57bc27e-7a43-4fb4-a729-e29553296061,-1.00000,1089,-1.00000,1089,0,3
Krishna Dubey,-1.00000,1090,-1.00000,1090,0,1
I.Srinadha Reddy ,-1.00000,1091,-1.00000,1091,0,1
